A,B,mean(A),mean(B),diff,se,T,df,pval,hedges
Acura,Audi,41291.82948490231,46305.405819295556,-5013.5763343932485,614.0091380113253,-8.165312247031695,1211.5511705287854,2.7777780076121417e-13,-0.46931059029702643
Acura,BMW,41291.82948490231,47729.58146639511,-6437.751981492802,636.0696780822441,-10.121142703897917,1528.869166006898,0.0,-0.5347769345654305
Acura,Buick,41291.82948490231,33533.75338753388,7758.07609736843,591.3766299096711,13.1186721033488,869.1188825531765,0.0,0.877970613276083
Acura,Cadillac,41291.82948490231,51441.4168190128,-10149.587334110489,755.5250460170938,-13.4338198152611,933.3382455188497,3.530509218307998e-14,-0.8059702471730227
Acura,Chevrolet,41291.82948490231,34875.39828353465,6416.431201367661,463.9285169683908,13.83064624545345,929.3392411574822,3.0031532816110484e-13,0.6327752034111354
Acura,Chrysler,41291.82948490231,35208.75488069414,6083.074604208166,484.74753008193414,12.548954304480889,929.5784615895298,0.0,0.7876512231711221
Acura,Dodge,41291.82948490231,32108.071500503524,9183.757984398784,458.41977384228574,20.033511878042056,865.3247752923488,0.0,1.0563877990460455
Acura,Fiat,41291.82948490231,21668.18181818182,19623.647666720488,643.4202282446792,30.498959785979917,172.31390871356632,1.2434497875801753e-14,3.963365963386217
Acura,Ford,41291.82948490231,33066.46001239926,8225.369472503051,438.20584960884145,18.770560639127286,748.1425980720719,0.0,0.8571703567256287
Acura,Freightliner,41291.82948490231,0.0,41291.82948490231,,,,,
Acura,GMC,41291.82948490231,43078.840297121635,-1787.010812219327,562.0776279809405,-3.1792953913474786,1426.9572925758791,0.3404102482006933,-0.16526916266867014
Acura,Genesis,41291.82948490231,49126.92307692308,-7835.09359202077,1741.2420347881007,-4.499715395955426,86.14333798031481,0.009674841478560903,-0.5430031229940592
Acura,Honda,41291.82948490231,27710.97840172786,13580.851083174446,424.8366966715899,31.967226912304156,662.8824650811205,0.0,1.4593041582363213
Acura,Hyundai,41291.82948490231,24322.95008807986,16968.87939682245,436.27032536516595,38.89533257303072,732.9763082129559,0.0,1.8902620324793333
Acura,Infiniti,41291.82948490231,45525.69031377899,-4233.8608288766845,535.6015048529118,-7.904871047812678,1192.4860550914254,3.986699859126475e-12,-0.44273032255145933
Acura,Jaguar,41291.82948490231,54111.72839506173,-12819.89891015942,1279.0709565417244,-10.022820739219267,198.7087298916066,0.0,-0.8926811387646115
Acura,Jeep,41291.82948490231,32334.428873985176,8957.400610917131,433.1145304275253,20.68136712493881,714.6323747348382,1.1945999744966684e-13,0.9540905907771005
Acura,Kia,41291.82948490231,24375.759197324416,16916.07028757789,449.87505801878234,37.6017073764326,819.8661904257659,2.2393198406689407e-13,1.858647295402631
Acura,Land Rover,41291.82948490231,54504.444444444445,-13212.614959542138,1155.1528276717693,-11.437980017044493,347.55250007320274,0.0,-0.8459476671032002
Acura,Lexus,41291.82948490231,42882.28562005277,-1590.4561351504599,465.71343013968914,-3.4150961347054305,926.3299293411314,0.19490572041517928,-0.16848820757955082
Acura,Lincoln,41291.82948490231,45021.70731707317,-3729.8778321708596,796.179972439192,-4.68471697516321,493.45539320890913,0.00205756652309097,-0.3394792916193993
Acura,Mazda,41291.82948490231,27183.67381489842,14108.15567000389,456.39181887511165,30.9123763541092,849.1848599349494,0.0,1.6652150546192104
Acura,Mercedes-Benz,41291.82948490231,46790.56814159292,-5498.738656690613,591.6170482673738,-9.29442224965351,1549.8717899719381,0.0,-0.47925291950048826
Acura,Mercury,41291.82948490231,29900.0,11391.829484902308,,,,,
Acura,Mini,41291.82948490231,25813.031914893618,15478.79757000869,586.2530542389951,26.40292866380278,542.4054941074321,0.0,2.2217935990279893
Acura,Mitsubishi,41291.82948490231,21892.91891891892,19398.910565983388,533.2640253199846,36.37768468319813,782.7172451927573,7.72715225139109e-14,2.728785256623492
Acura,Nissan,41291.82948490231,26456.463001383127,14835.366483519181,435.6066164797917,34.056797859055045,730.7698014241635,0.0,1.5684842022974415
Acura,Porsche,41291.82948490231,59279.83870967742,-17988.00922477511,1471.450319988797,-12.224679950398912,144.06812997654862,4.04121180963557e-14,-1.2113646255107728
Acura,Ram,41291.82948490231,41320.847750865054,-29.018265962746227,462.5806084757511,-0.06273126333238284,885.1715818938114,1.0,-0.003393595776267501
Acura,Scion,41291.82948490231,18375.454545454544,22916.374939447764,568.0678194620293,40.34091380347859,168.07911078234403,6.628031457012185e-14,6.306967645638506
Acura,Smart,41291.82948490231,13500.0,27791.829484902308,575.6828639570458,48.27628408785844,19.911367040038296,1.7763568394002505e-15,19.787232066920367
Acura,Subaru,41291.82948490231,27978.791666666668,13313.03781823564,445.71750097715295,29.868779639680454,790.9656038152157,0.0,1.5070408163845437
Acura,Tesla,41291.82948490231,50899.11504424779,-9607.28555934548,1914.9436006016176,-5.017007057715517,122.82308573106667,0.0009989401978768297,-0.516583971493115
Acura,Toyota,41291.82948490231,28624.735468304454,12667.094016597854,428.1255622755978,29.587334027122747,683.6358401269155,0.0,1.3215177573074666
Acura,Volkswagen,41291.82948490231,27287.3133393017,14004.516145600606,465.5522462963967,30.08151342198561,914.3237825971821,1.8762769116165146e-14,1.5541014087713287
Acura,Volvo,41291.82948490231,44907.79661016949,-3615.9671252671833,602.4303393184131,-6.002299169325157,728.2033365613061,2.0074006410464307e-06,-0.4310377264881021
Audi,BMW,46305.405819295556,47729.58146639511,-1424.1756470995533,670.4006293971942,-2.1243650209280576,1600.2567093042148,0.9815235534094369,-0.1072200851558757
Audi,Buick,46305.405819295556,33533.75338753388,12771.652431761679,628.154986387774,20.33200835546254,973.761574829873,0.0,1.3231723705453224
Audi,Cadillac,46305.405819295556,51441.4168190128,-5136.01099971724,784.6467126545782,-6.545635018773405,1029.284067782549,6.17923486823102e-08,-0.37915791439105756
Audi,Chevrolet,46305.405819295556,34875.39828353465,11430.00753576091,509.98238928123277,22.41255340575646,980.2362132388791,0.0,0.9636165194173795
Audi,Chrysler,46305.405819295556,35208.75488069414,11096.650938601415,528.9920003563759,20.97697305654098,996.7807059256359,4.952704912852823e-13,1.2752204929975792
Audi,Dodge,46305.405819295556,32108.071500503524,14197.334318792033,504.9762940674708,28.114853084361027,926.3392160147653,7.605027718682322e-14,1.4158632733973724
Audi,Fiat,46305.405819295556,21668.18181818182,24637.224001113736,677.3787409086141,36.37141603833943,207.67346449788744,8.104628079763643e-14,4.692901265367382
Audi,Ford,46305.405819295556,33066.46001239926,13238.9458068963,486.69984092036736,27.201459079709096,819.7661216791687,0.0,1.1670226647613875
Audi,Freightliner,46305.405819295556,0.0,46305.405819295556,,,,,
Audi,GMC,46305.405819295556,43078.840297121635,3226.5655221739216,600.6526686839782,5.371765897991068,1460.7476684366172,5.7584284154810206e-05,0.2663097844128418
Audi,Genesis,46305.405819295556,49126.92307692308,-2821.5172576275218,1754.0741695360289,-1.6085507138924706,88.69496487193786,0.9997302608411078,-0.19250515590525727
Audi,Honda,46305.405819295556,27710.97840172786,18594.427417567695,474.69841727072657,39.171033104504865,743.4217155128886,0.0,1.679899071373708
Audi,Hyundai,46305.405819295556,24322.95008807986,21982.455731215698,484.9579005591435,45.328585648095455,806.4801385685516,0.0,2.0857271332238994
Audi,Infiniti,46305.405819295556,45525.69031377899,779.715505516564,575.9525505813895,1.3537842739466786,1248.0211357275161,0.9999982223875685,0.07280933228474898
Audi,Jaguar,46305.405819295556,54111.72839506173,-7806.322575766171,1296.485588191811,-6.021141034551361,209.45553183759375,4.932188093942358e-06,-0.5280104981186892
Audi,Jeep,46305.405819295556,32334.428873985176,13970.97694531038,482.1209028739162,28.97816058592269,789.872443125319,0.0,1.2576538395068784
Audi,Kia,46305.405819295556,24375.759197324416,21929.64662197114,497.2322760520551,44.10342545759305,884.3588877043134,6.199485369506874e-13,2.068047210069187
Audi,Land Rover,46305.405819295556,54504.444444444445,-8199.038625148889,1174.4064133844759,-6.981432093444041,369.926177933238,9.022818048265435e-09,-0.5047228837065934
Audi,Lexus,46305.405819295556,42882.28562005277,3423.1201992427887,511.606653135961,6.69092197738305,979.498354514052,2.4706214740710664e-08,0.3130827914863927
Audi,Lincoln,46305.405819295556,45021.70731707317,1283.698502222389,823.8658367924822,1.5581402273216611,552.7497678251267,0.9999406326494302,0.11026189343502531
Audi,Mazda,46305.405819295556,27183.67381489842,19121.732004397138,503.13602619633303,38.005094067613996,912.1839006600611,2.4136248555350903e-13,1.959185978831913
Audi,Mercedes-Benz,46305.405819295556,46790.56814159292,-485.1623222973649,628.3813335237644,-0.7720826453846544,1587.6806494412474,0.9999999999998966,-0.037936800361184284
Audi,Mercury,46305.405819295556,29900.0,16405.405819295556,,,,,
Audi,Mini,46305.405819295556,25813.031914893618,20492.37390440194,623.3337886919451,32.87544214056617,637.154549051182,0.0,2.7186016141981875
Audi,Mitsubishi,46305.405819295556,21892.91891891892,24412.486900376636,573.7794778666954,42.546810825549116,884.9729189970801,7.16093850883226e-14,3.1217619132785974
Audi,Nissan,46305.405819295556,26456.463001383127,19848.94281791243,484.3609117605142,40.979654501365864,804.2958744126087,0.0,1.775124129704266
Audi,Porsche,46305.405819295556,59279.83870967742,-12974.43289038186,1486.6130675853879,-8.72751166613611,150.0104921124463,3.1189495430794523e-12,-0.8541081971796219
Audi,Ram,46305.405819295556,41320.847750865054,4984.558068430502,508.7565113669804,9.797531740748571,945.0754108508514,1.8562928971732617e-13,0.5074084238290114
Audi,Scion,46305.405819295556,18375.454545454544,27929.951273841012,606.2618378463625,46.06912315816744,211.50786510820438,0.0,7.167609253905792
Audi,Smart,46305.405819295556,13500.0,32805.405819295556,613.402908677723,53.48100792350702,25.576744028121475,0.0,21.908559981099348
Audi,Subaru,46305.405819295556,27978.791666666668,18326.61415262889,493.4738688095072,37.137962739225415,858.6985644948144,0.0,1.7815481185311342
Audi,Tesla,46305.405819295556,50899.11504424779,-4593.709224952232,1926.6191533371593,-2.384336944328265,125.8240176804137,0.9061506074017054,-0.24269426575806372
Audi,Toyota,46305.405819295556,28624.735468304454,17680.670350991102,477.6440783620175,37.01641274738156,762.0364807102426,0.0,1.5486119989961349
Audi,Volkswagen,46305.405819295556,27287.3133393017,19018.092479993855,511.45993249923805,37.18393420783198,970.1136259843654,0.0,1.8309416224514057
Audi,Volvo,46305.405819295556,44907.79661016949,1397.6092091260653,638.5723782405584,2.1886465133002795,831.2599697491614,0.9711569386742801,0.1534149395344785
BMW,Buick,47729.58146639511,33533.75338753388,14195.828078861232,649.7354082532854,21.848629301309824,1190.9899152974367,0.0,1.3333414434901079
BMW,Cadillac,47729.58146639511,51441.4168190128,-3711.835352617687,802.0273545795525,-4.628065777835652,1155.7278394432374,0.0023354680605068845,-0.24679733371412657
BMW,Chevrolet,47729.58146639511,34875.39828353465,12854.183182860463,536.3389331301931,23.966530096632358,1408.3408177277647,7.005507285384738e-14,0.8759129489307478
BMW,Chrysler,47729.58146639511,35208.75488069414,12520.826585700968,554.4456242547857,22.58260510673134,1383.4466222146916,9.403589018575076e-14,1.274309330591204
BMW,Dodge,47729.58146639511,32108.071500503524,15621.509965891586,531.5811051799676,29.386879657061737,1332.055602354021,8.215650382226158e-14,1.3220306223274623
BMW,Fiat,47729.58146639511,21668.18181818182,26061.39964821329,697.4377194052372,37.36735040719908,235.7708994056577,5.184741524999481e-14,4.748250814799579
BMW,Ford,47729.58146639511,33066.46001239926,14663.121453995853,514.251056358808,28.513546589129344,1201.7277301813813,2.745581539898012e-13,1.0390195662611237
BMW,Freightliner,47729.58146639511,0.0,47729.58146639511,,,,,
BMW,GMC,47729.58146639511,43078.840297121635,4650.741169273475,623.1862018782379,7.462843617616179,1912.6183683701,8.468059586874688e-11,0.3291626297024841
BMW,Genesis,47729.58146639511,49126.92307692308,-1397.3416105279684,1761.9175934327202,-0.7930800031376875,90.30072457900106,0.9999999999976973,-0.09323067752530596
BMW,Honda,47729.58146639511,27710.97840172786,20018.603064667248,502.9075473420257,39.80573202862009,1101.8918089456465,0.0,1.4497186239182724
BMW,Hyundai,47729.58146639511,24322.95008807986,23406.63137831525,512.6027498257994,45.662321137117694,1183.6103750659233,0.0,1.829134457730588
BMW,Infiniti,47729.58146639511,45525.69031377899,2203.8911526161173,599.4153437604405,3.6767346307653317,1656.7718229031752,0.09071566550477483,0.17938924449068325
BMW,Jaguar,47729.58146639511,54111.72839506173,-6382.146928666618,1307.0777689959023,-4.882759909205239,216.5493768320518,0.001158121743314644,-0.4137897754627216
BMW,Jeep,47729.58146639511,32334.428873985176,15395.152592409933,509.919580720528,30.191334427001667,1162.6547787042252,0.0,1.117802588664239
BMW,Kia,47729.58146639511,24375.759197324416,23353.822269070693,524.2302453713884,44.54878839073047,1282.9057990802135,4.440892098500626e-16,1.8293252220552645
BMW,Land Rover,47729.58146639511,54504.444444444445,-6774.862978049336,1186.0893042316955,-5.711933286876607,385.63599861814475,1.4347360353661465e-05,-0.39227168216118236
BMW,Lexus,47729.58146639511,42882.28562005277,4847.295846342342,537.8836131982629,9.011793122903036,1402.2966447452154,0.0,0.36903839775582487
BMW,Lincoln,47729.58146639511,45021.70731707317,2707.8741493219422,840.4357981714106,3.221988110470348,606.0314789966363,0.31272207163142673,0.21607317074512963
BMW,Mazda,47729.58146639511,27183.67381489842,20545.90765149669,529.8332517602836,38.778063821468926,1313.3989967308585,1.3866685577568205e-13,1.7960868699959522
BMW,Mercedes-Benz,47729.58146639511,46790.56814159292,939.0133248021884,649.9542400318221,1.4447375937669302,2028.985365044539,0.99999136080471,0.06300667321756367
BMW,Mercury,47729.58146639511,29900.0,17829.58146639511,,,,,
BMW,Mini,47729.58146639511,25813.031914893618,21916.54955150149,645.0755195628598,33.97516862266515,763.8569728251698,0.0,2.7029677455046346
BMW,Mitsubishi,47729.58146639511,21892.91891891892,25836.66254747619,597.3276345819072,43.253753972993856,1134.3871300486119,7.338574192772285e-13,3.01954181156116
BMW,Nissan,47729.58146639511,26456.463001383127,21273.118465011983,512.0379933713081,41.5459765494113,1181.4763148567636,0.0,1.5341568231088105
BMW,Porsche,47729.58146639511,59279.83870967742,-11550.257243282307,1495.8595610985265,-7.721485053583541,153.82605180033926,9.060231453972278e-10,-0.7353881171369648
BMW,Ram,47729.58146639511,41320.847750865054,6408.733715530056,535.173431396346,11.975059559307212,1352.8156300215423,2.824407374646398e-13,0.5578332974651142
BMW,Scion,47729.58146639511,18375.454545454544,29354.126920940565,628.594328516483,46.6980460835813,248.42421304153132,0.0,7.19071418098014
BMW,Smart,47729.58146639511,13500.0,34229.58146639511,635.4844940582971,53.86375558560051,29.51799058891657,0.0,22.040080618595717
BMW,Subaru,47729.58146639511,27978.791666666668,19750.78979972844,520.6667581208366,37.933648522160254,1249.70385027874,1.2922996006636822e-13,1.6043535540395562
BMW,Tesla,47729.58146639511,50899.11504424779,-3169.5335778526787,1933.7628540800526,-1.6390497786040668,127.71254714698652,0.9996978489435079,-0.16270693369567898
BMW,Toyota,47729.58146639511,28624.735468304454,19104.845998090655,505.688915647298,37.77983935763322,1126.4530451671212,3.488320743372242e-13,1.328938338026452
BMW,Volkswagen,47729.58146639511,27287.3133393017,20442.268127093408,537.7440621395685,38.014865372493375,1387.0016257631646,2.2115642650533118e-13,1.6623481034333552
BMW,Volvo,47729.58146639511,44907.79661016949,2821.7848562256186,659.8121672612909,4.276648713433271,998.6742039275982,0.010619841718910839,0.28377666639049
Buick,Cadillac,33533.75338753388,51441.4168190128,-17907.66343147892,767.0655516457153,-23.34567546809863,883.8980238862913,1.4477308241112041e-13,-1.5714143768785973
Buick,Chevrolet,33533.75338753388,34875.39828353465,-1341.6448960007692,482.4946986433159,-2.7806417350765127,586.4302709732066,0.6661718068326281,-0.15297569117531457
Buick,Chrysler,33533.75338753388,35208.75488069414,-1675.0014931602636,502.5451554666003,-3.3330367926939175,625.5004783528675,0.2416266409458686,-0.23260649022306784
Buick,Dodge,33533.75338753388,32108.071500503524,1425.6818870303541,477.20032943411326,2.987596191982925,553.9796857862586,0.4936207347632705,0.18204679311067004
Buick,Fiat,33533.75338753388,21668.18181818182,11865.571569352058,656.9330677297717,18.062070783492576,179.56607930353533,0.0,2.409759426371023
Buick,Ford,33533.75338753388,33066.46001239926,467.2933751346209,457.8163736628697,1.0207004423977415,478.24272408215506,0.9999999991033373,0.05608047916590417
Buick,Freightliner,33533.75338753388,0.0,33533.75338753388,,,,,
Buick,GMC,33533.75338753388,43078.840297121635,-9545.086909587757,577.4969482508928,-16.528376363715267,988.4890221693016,0.0,-0.9964778261206743
Buick,Genesis,33533.75338753388,49126.92307692308,-15593.1696893892,1746.2804153615818,-8.929361832280817,87.1099646417143,4.097255867918648e-11,-1.1109146964230825
Buick,Honda,33533.75338753388,27710.97840172786,5822.774985806016,445.03672230642076,13.08380790607402,427.7116199094805,0.0,0.7186952401703728
Buick,Hyundai,33533.75338753388,24322.95008807986,9210.803299454019,455.9641018289066,20.20072032536945,469.8497775984959,0.0,1.1595348977582371
Buick,Infiniti,33533.75338753388,45525.69031377899,-11991.936926245115,551.7612140800742,-21.733925147744777,830.6375428427864,0.0,-1.3863328544844127
Buick,Jaguar,33533.75338753388,54111.72839506173,-20577.97500752785,1285.921450645791,-16.00251321509068,202.36049541222144,0.0,-1.5060809207593517
Buick,Jeep,33533.75338753388,32334.428873985176,1199.3245135487014,452.9455395849147,2.6478338094415905,458.4390408382424,0.7672137979543967,0.14650859685783726
Buick,Kia,33533.75338753388,24375.759197324416,9157.994190209462,468.9979031827504,19.526727365006884,522.8691600043053,7.760458942129844e-14,1.134602269250377
Buick,Land Rover,33533.75338753388,54504.444444444445,-20970.691056910568,1162.7336413127891,-18.035679292149425,353.82594653901106,0.0,-1.4426999942887786
Buick,Lexus,33533.75338753388,42882.28562005277,-9348.53223251889,484.211177457614,-19.3067253870595,588.8560227806294,0.0,-1.1202848830678642
Buick,Lincoln,33533.75338753388,45021.70731707317,-11487.95392953929,807.1394017613602,-14.23292420673552,495.29790445415944,2.530198273120732e-13,-1.1189054888150278
Buick,Mazda,33533.75338753388,27183.67381489842,6350.079572635459,475.25251992866544,13.361485329080622,544.6651805943935,1.3600232051658168e-13,0.8273446740175274
Buick,Mercedes-Benz,33533.75338753388,46790.56814159292,-13256.814754059043,606.2855739360898,-21.865627888841175,1111.0189563622096,0.0,-1.310366227312801
Buick,Mercury,33533.75338753388,29900.0,3633.7533875338777,,,,,
Buick,Mini,33533.75338753388,25813.031914893618,7720.72147264026,601.0525010071616,12.845336238852564,501.29223234546595,1.829647544582258e-13,1.1494588292041623
Buick,Mitsubishi,33533.75338753388,21892.91891891892,11640.834468614958,549.4924804425325,21.184702034939658,624.9301126036729,0.0,1.7152138536690393
Buick,Nissan,33533.75338753388,26456.463001383127,7077.290386150751,455.3291004135208,15.543241975360893,468.00986853346694,6.150635556423367e-14,0.8590228494044642
Buick,Porsche,33533.75338753388,59279.83870967742,-25746.08532214354,1477.4090528887207,-17.42651114246472,146.22469214680336,4.729550084903167e-14,-1.8061160585618685
Buick,Ram,33533.75338753388,41320.847750865054,-7787.094363331176,481.19879956231176,-16.18269698597368,568.5790926451824,0.0,-1.0052482291136948
Buick,Scion,33533.75338753388,18375.454545454544,15158.298842079334,583.3288205384323,25.985856190146254,174.8662987069736,0.0,4.136936167078573
Buick,Smart,33533.75338753388,13500.0,20033.753387533878,590.7471753772509,33.9125673766283,21.909658563583918,2.9976021664879227e-15,13.928770508173605
Buick,Subaru,33533.75338753388,27978.791666666668,5554.96172086721,465.0113504418276,11.945862645264892,505.65816234328076,0.0,0.7045519396978741
Buick,Tesla,33533.75338753388,50899.11504424779,-17365.36165671391,1919.5261026741734,-9.046692114538837,123.95478697453095,1.6876500197327005e-12,-0.9711391324711
Buick,Toyota,33533.75338753388,28624.735468304454,4909.017919229424,448.17737831823973,10.953292505860594,439.90911574078206,2.184918912462308e-13,0.592742305194005
Buick,Volkswagen,33533.75338753388,27287.3133393017,6246.440048232176,484.05615314138356,12.904370717518201,584.3737016085342,0.0,0.7744384108920931
Buick,Volvo,33533.75338753388,44907.79661016949,-11374.043222635613,616.8417780060881,-18.43915835176027,647.9250867226899,0.0,-1.4384953160222997
Cadillac,Chevrolet,51441.4168190128,34875.39828353465,16566.01853547815,673.715749388951,24.58903261576303,684.9126911769141,0.0,1.138858617257845
Cadillac,Chrysler,51441.4168190128,35208.75488069414,16232.661938318655,688.2175601063672,23.586526818365144,722.8589843864463,3.2862601528904634e-14,1.4901368520457228
Cadillac,Dodge,51441.4168190128,32108.071500503524,19333.345318509273,669.9342737670897,28.858570274060543,667.026056861593,7.716050021144838e-14,1.535871975527232
Cadillac,Fiat,51441.4168190128,21668.18181818182,29773.235000830977,807.8693163084364,36.85402378800565,341.9757901225407,0.0,4.796405336615624
Cadillac,Ford,51441.4168190128,33066.46001239926,18374.95680661354,656.2679397545122,27.999168774703506,617.8195288190603,2.007283228522283e-13,1.294423255421318
Cadillac,Freightliner,51441.4168190128,0.0,51441.4168190128,,,,,
Cadillac,GMC,51441.4168190128,43078.840297121635,8362.576521891162,744.7110191174198,11.229290700978094,958.4837110852241,0.0,0.5893088059872956
Cadillac,Genesis,51441.4168190128,49126.92307692308,2314.4937420897186,1808.4764487908685,1.2798030870886756,100.00378722470666,0.9999985623477042,0.1547101638450479
Cadillac,Honda,51441.4168190128,27710.97840172786,23730.438417284935,647.4175321668807,36.65399412008523,585.4422116127257,0.0,1.6939752671962685
Cadillac,Hyundai,51441.4168190128,24322.95008807986,27118.466730932938,654.9771285414882,41.40368502839282,612.693771625164,0.0,2.0341563656284287
Cadillac,Infiniti,51441.4168190128,45525.69031377899,5915.726505233804,724.9360069129751,8.160343049347192,863.1832385389962,1.0472733791289102e-12,0.46080030539098854
Cadillac,Jaguar,51441.4168190128,54111.72839506173,-2670.311576048931,1369.1916425346699,-1.9502832862064559,256.14074514940216,0.9943562138858553,-0.1742643416617134
Cadillac,Jeep,51441.4168190128,32334.428873985176,19106.98794502762,652.8793445849556,29.265725900969034,605.2492041461852,0.0,1.3664830795746916
Cadillac,Kia,51441.4168190128,24375.759197324416,27065.65762168838,664.1165635230221,40.754378234612616,646.4585312119993,5.062616992290714e-13,2.0357674452206482
Cadillac,Land Rover,51441.4168190128,54504.444444444445,-3063.0276254316486,1254.2094312339984,-2.4421978890861795,460.4412761546098,0.8894278173765289,-0.18147481832239298
Cadillac,Lexus,51441.4168190128,42882.28562005277,8559.131198960029,674.9461023894431,12.681206941797287,687.7894285861898,3.115285807098189e-13,0.6322791369069919
Cadillac,Lincoln,51441.4168190128,45021.70731707317,6419.709501939629,934.1123008672449,6.872524316379805,714.7188915340844,9.126761124633731e-09,0.5004640811736516
Cadillac,Mazda,51441.4168190128,27183.67381489842,24257.743004114378,668.5482289665856,36.28420800936232,661.4007503926377,0.0,1.9719799818039496
Cadillac,Mercedes-Benz,51441.4168190128,46790.56814159292,4650.8486774198755,767.2509197901463,6.061704922676334,1050.1334174883177,1.2315883662905591e-06,0.31559775495802045
Cadillac,Mercury,51441.4168190128,29900.0,21541.416819012797,,,,,
Cadillac,Mini,51441.4168190128,25813.031914893618,25628.38490411918,763.1224578812863,33.58358103530745,723.5277621870505,9.50350909079134e-14,2.836307667537478
Cadillac,Mitsubishi,51441.4168190128,21892.91891891892,29548.497900093877,723.2107319576354,40.85738304810552,772.2026794138699,0.0,3.0788539024289383
Cadillac,Nissan,51441.4168190128,26456.463001383127,24984.95381762967,654.5352293339128,38.172053539510145,611.3508079920847,9.681144774731365e-14,1.7794017712687673
Cadillac,Porsche,51441.4168190128,59279.83870967742,-7838.42189066462,1550.4287427396844,-5.055647947298591,176.22043865863546,0.0006202718147964026,-0.5022804165930435
Cadillac,Ram,51441.4168190128,41320.847750865054,10120.569068147743,672.7882738692921,15.042725120553968,676.9144813713061,8.459899447643693e-14,0.8209509878379505
Cadillac,Scion,51441.4168190128,18375.454545454544,33065.96227355825,749.2424771905089,44.13252489040422,362.00398861128366,0.0,6.906832434537073
Cadillac,Smart,51441.4168190128,13500.0,37941.4168190128,755.032450939701,50.25137233742938,56.35192759078268,0.0,20.599154149406136
Cadillac,Subaru,51441.4168190128,27978.791666666668,23462.62515234613,661.3072907473074,35.47915693751432,635.7214460660866,0.0,1.808268050598471
Cadillac,Tesla,51441.4168190128,50899.11504424779,542.3017747650083,1976.2773680845796,0.27440570009189075,139.01232740212575,1.0,0.0283228351225085
Cadillac,Toyota,51441.4168190128,28624.735468304454,22816.681350708343,649.5804331967075,35.12525960553208,593.3030700567151,8.770761894538737e-15,1.5891601427063808
Cadillac,Volkswagen,51441.4168190128,27287.3133393017,24154.103479711095,674.8348954743274,35.79261185468733,685.9820754932599,0.0,1.8670405356458173
Cadillac,Volvo,51441.4168190128,44907.79661016949,6533.620208843306,775.619465878419,8.423744498784243,838.0866638783315,0.0,0.6079509041272942
Chevrolet,Chrysler,34875.39828353465,35208.75488069414,-333.3565971594944,343.5913033476251,-0.9702125575111665,1256.8260054280722,0.9999999998481394,-0.04837486572484306
Chevrolet,Dodge,34875.39828353465,32108.071500503524,2767.3267830311233,305.32524439554044,9.06353743697042,3187.9028671863557,2.627786876985283e-12,0.32984713579453134
Chevrolet,Fiat,34875.39828353465,21668.18181818182,13207.216465352827,545.0361510303873,24.231817358141605,93.2537344780458,2.0539125955565396e-14,3.013151288578075
Chevrolet,Ford,34875.39828353465,33066.46001239926,1808.93827113539,274.0423004701841,6.600945430802947,5772.994638933859,2.953453226428593e-08,0.16537937518882342
Chevrolet,Freightliner,34875.39828353465,0.0,34875.39828353465,,,,,
Chevrolet,GMC,34875.39828353465,43078.840297121635,-8203.442013586988,446.10097028841426,-18.389204597074244,1830.2519430095062,0.0,-0.6490962446101073
Chevrolet,Genesis,34875.39828353465,49126.92307692308,-14251.524793388431,1707.3367094772457,-8.34722566104256,79.66333639610717,1.1349404749338987e-09,-0.9565592994958253
Chevrolet,Honda,34875.39828353465,27710.97840172786,7164.419881806785,252.1131385993451,28.417479238130415,4854.237858542553,3.0668800832245324e-12,0.7111547519493963
Chevrolet,Hyundai,34875.39828353465,24322.95008807986,10552.448195454788,270.9365472021297,38.94804264845906,4837.871956068601,4.350186877388751e-12,1.171541929590322
Chevrolet,Infiniti,34875.39828353465,45525.69031377899,-10650.292030244345,412.24238964023067,-25.835024000173767,1395.1652474827356,0.0,-1.0593839415494424
Chevrolet,Jaguar,34875.39828353465,54111.72839506173,-19236.33011152708,1232.516664262251,-15.60735904779137,171.93725809219623,5.6066262743570405e-14,-1.2571200778242966
Chevrolet,Jeep,34875.39828353465,32334.428873985176,2540.9694095494706,265.8251535935601,9.558799741857943,5360.033449895065,0.0,0.2475486099918043
Chevrolet,Kia,34875.39828353465,24375.759197324416,10499.63908621023,292.3395006546102,35.91590962801575,4424.770495748331,0.0,1.1280347426138229
Chevrolet,Land Rover,34875.39828353465,54504.444444444445,-19629.0461609098,1103.382468183027,-17.78988404014932,292.0664224002667,0.0,-1.1279124283954076
Chevrolet,Lexus,34875.39828353465,42882.28562005277,-8006.887336518121,316.1705470597463,-25.324583238314954,4041.801142436515,0.0,-0.7916433633044719
Chevrolet,Lincoln,34875.39828353465,45021.70731707317,-10146.30903353852,719.0113798326538,-14.111472110358005,348.90425535541226,2.873257187729905e-13,-0.8699493420731722
Chevrolet,Mazda,34875.39828353465,27183.67381489842,7691.724468636228,302.2719109538907,25.446375233355845,3000.8154623631353,1.5834000777203983e-12,0.9676295710792691
Chevrolet,Mercedes-Benz,34875.39828353465,46790.56814159292,-11915.169858058274,482.7893408270155,-24.67985278558067,1767.709531645789,6.072919944699606e-14,-0.855788825200569
Chevrolet,Mercury,34875.39828353465,29900.0,4975.398283534647,,,,,
Chevrolet,Mini,34875.39828353465,25813.031914893618,9062.36636864103,476.20107036853057,19.030545986861583,303.437780895152,0.0,1.4284925792791705
Chevrolet,Mitsubishi,34875.39828353465,21892.91891891892,12982.479364615727,409.2008510695662,31.72642317503059,509.7287275378085,9.781064846947629e-14,2.0504760274450424
Chevrolet,Nissan,34875.39828353465,26456.463001383127,8418.93528215152,269.8665228155512,31.196664166847057,5512.981659179073,3.600564291161845e-12,0.8035672714494108
Chevrolet,Porsche,34875.39828353465,59279.83870967742,-24404.44042614277,1431.1676561502907,-17.052118472121197,129.11978723480837,6.017408793468348e-14,-1.5608541630690922
Chevrolet,Ram,34875.39828353465,41320.847750865054,-6445.449467330407,311.53753410043583,-20.689158646458548,2755.9422045345705,0.0,-0.7934275608879642
Chevrolet,Scion,34875.39828353465,18375.454545454544,16499.943738080103,453.62524546582375,36.37351294489013,74.12392322201241,0.0,5.52042736888064
Chevrolet,Smart,34875.39828353465,13500.0,21375.398283534647,463.1258745410049,46.15461898931773,8.413647696976252,2.8459925527357655e-09,18.8560128847838
Chevrolet,Subaru,34875.39828353465,27978.791666666668,6896.606616867979,285.9001687528401,24.122429332422243,4206.8635798884025,1.1787237852445287e-12,0.7960770229171616
Chevrolet,Tesla,34875.39828353465,50899.11504424779,-16023.716760713141,1884.166608689548,-8.504405442073807,115.16617489364371,5.0715209809482076e-11,-0.8140808344677121
Chevrolet,Toyota,34875.39828353465,28624.735468304454,6250.662815230193,257.61660057026774,24.26343178736751,5286.248247472407,1.4769296896588457e-12,0.5623181542972654
Chevrolet,Volkswagen,34875.39828353465,27287.3133393017,7588.084944232945,315.9330781149782,24.018013528394764,3247.3280477229305,1.2504441926353138e-12,0.8363967799695979
Chevrolet,Volvo,34875.39828353465,44907.79661016949,-10032.398326634844,495.98097700101613,-20.227385306784235,456.4940762974794,7.51620987671231e-14,-1.2313938647493103
Chrysler,Dodge,35208.75488069414,32108.071500503524,3100.6833801906178,336.1160572320842,9.22503793994475,1039.4455129847172,1.800781745942004e-13,0.5196379430931709
Chrysler,Fiat,35208.75488069414,21668.18181818182,13540.573062512321,562.8631316706259,24.05659973202143,105.00601014794324,3.4416913763379853e-15,3.1615201859291346
Chrysler,Ford,35208.75488069414,33066.46001239926,2142.2948682948845,307.976754822561,6.956027799984954,854.397267443213,4.624515215212455e-09,0.34627953653939836
Chrysler,Freightliner,35208.75488069414,0.0,35208.75488069414,,,,,
Chrysler,GMC,35208.75488069414,43078.840297121635,-7870.085416427493,467.71420200407624,-16.826697548856778,1534.2440656306067,4.50195436485501e-13,-0.9360662733117037
Chrysler,Genesis,35208.75488069414,49126.92307692308,-13918.168196228937,1713.1109533806134,-8.124498981670245,80.7392764453746,2.845898849912487e-09,-0.9933125983066219
Chrysler,Honda,35208.75488069414,27710.97840172786,7497.77647896628,288.63737408460776,25.97645749357625,668.3547754154743,1.1368683772161603e-13,1.2927665486808113
Chrysler,Hyundai,35208.75488069414,24322.95008807986,10885.804792614283,305.2164996749964,35.66584638840237,813.5999246005111,3.4350300381902343e-13,1.8718570330278912
Chrysler,Infiniti,35208.75488069414,45525.69031377899,-10316.935433084851,435.5390761806947,-23.687737788203883,1189.4193105764034,4.714006962558415e-13,-1.407180801290717
Chrysler,Jaguar,35208.75488069414,54111.72839506173,-18902.973514367586,1240.5030539052257,-15.238151534459481,176.31170786649056,0.0,-1.390091227720433
Chrysler,Jeep,35208.75488069414,32334.428873985176,2874.326006708965,300.6883957639287,9.559151757108731,779.7046331104384,0.0,0.4799637544244422
Chrysler,Kia,35208.75488069414,24375.759197324416,10832.995683369725,324.3653537402416,33.39751165916755,988.0773661986435,0.0,1.778528089150184
Chrysler,Land Rover,35208.75488069414,54504.444444444445,-19295.689563750304,1112.2964398746017,-17.34761424384822,301.0528724161544,0.0,-1.328063715958916
Chrysler,Lexus,35208.75488069414,42882.28562005277,-7673.530739358626,345.9975634193172,-22.17799068734774,1191.8089626128099,2.4502622153477205e-13,-1.1791267552147295
Chrysler,Lincoln,35208.75488069414,45021.70731707317,-9812.952436379026,732.6171328824504,-13.39438022391094,371.440342681602,2.6867397195928788e-14,-1.0061089714261335
Chrysler,Mazda,35208.75488069414,27183.67381489842,8025.081065795723,333.3448772904153,24.074409455538582,1001.0349161735404,3.885780586188048e-15,1.381751143566072
Chrysler,Mercedes-Benz,35208.75488069414,46790.56814159292,-11581.81326089878,502.8280488201005,-23.033347658460613,1586.7781413784016,0.0,-1.2723230720845047
Chrysler,Mercury,35208.75488069414,29900.0,5308.754880694141,,,,,
Chrysler,Mini,35208.75488069414,25813.031914893618,9395.722965800524,496.5057486919758,18.923694218149887,339.4611553097658,0.0,1.6356672701274464
Chrysler,Mitsubishi,35208.75488069414,21892.91891891892,13315.835961775221,432.6613405194674,30.77657908096848,542.8008052531188,0.0,2.387438554055585
Chrysler,Nissan,35208.75488069414,26456.463001383127,8752.291879311015,304.2670524401247,28.76516471014665,815.119762299947,2.220446049250313e-14,1.4422376064543583
Chrysler,Porsche,35208.75488069414,59279.83870967742,-24071.083828983275,1438.0512365958182,-16.738683029100407,131.58322430197288,4.363176486776865e-14,-1.6911363154550705
Chrysler,Ram,35208.75488069414,41320.847750865054,-6112.092870170913,341.76912414292985,-17.883689421911615,1051.8879438143845,4.842792833414933e-13,-1.0302684192448226
Chrysler,Scion,35208.75488069414,18375.454545454544,16833.300335239597,474.89615958436013,35.44627598162192,87.57131088819402,0.0,5.584588022447555
Chrysler,Smart,35208.75488069414,13500.0,21708.75488069414,483.97941560919287,44.85470699899287,10.016998762602947,1.3692968980905107e-10,18.400895486128473
Chrysler,Subaru,35208.75488069414,27978.791666666668,7229.963214027473,318.57401896097497,22.694767255684894,924.5356126696804,2.2215562722749382e-13,1.2301922549460023
Chrysler,Tesla,35208.75488069414,50899.11504424779,-15690.360163553647,1889.4005156040148,-8.3044119200622,116.44100370843574,1.368958280068e-10,-0.870572771655741
Chrysler,Toyota,35208.75488069414,28624.735468304454,6584.019412389687,293.45666111612815,22.436087793502924,714.0582442689088,0.0,1.0963489675375528
Chrysler,Volkswagen,35208.75488069414,27287.3133393017,7921.44154139244,345.7805791412382,22.908867701782732,1132.7150659914169,1.5698553568199713e-13,1.2675739830194992
Chrysler,Volvo,35208.75488069414,44907.79661016949,-9699.04172947535,515.5071567019488,-18.81456271436994,496.9291039472405,0.0,-1.4013970762212058
Dodge,Fiat,32108.071500503524,21668.18181818182,10439.889682321704,540.3549075590422,19.320430954318635,89.97787300386868,5.551115123125783e-15,2.4541994764790656
Dodge,Ford,32108.071500503524,33066.46001239926,-958.3885118957332,264.60952862682893,-3.6218972040395436,2262.6826529240107,0.1069742949302036,-0.13141859675163775
Dodge,Freightliner,32108.071500503524,0.0,32108.071500503524,,,,,
Dodge,GMC,32108.071500503524,43078.840297121635,-10970.768796618111,440.36927218572663,-24.912657375401903,1647.4050947500941,1.588729148238599e-13,-1.0956332386820922
Dodge,Genesis,32108.071500503524,49126.92307692308,-17018.851576419554,1705.8480763894866,-9.976768630205811,79.38497906453362,7.613909502879324e-13,-1.1723514784355462
Dodge,Honda,32108.071500503524,27710.97840172786,4397.093098775662,241.82649740575275,18.182842434333917,1691.3385658211796,2.4091839634365897e-13,0.6593956607011926
Dodge,Hyundai,32108.071500503524,24322.95008807986,7785.121412423665,261.3917229044061,29.783350926038203,2026.5840246271416,0.0,1.1888597402073164
Dodge,Infiniti,32108.071500503524,45525.69031377899,-13417.618813275469,406.0330134476872,-33.045635130366506,1241.625713608499,0.0,-1.6084919277346732
Dodge,Jaguar,32108.071500503524,54111.72839506173,-22003.656894558204,1230.4537162678116,-17.882555518869307,170.77387374555056,0.0,-1.514278620765892
Dodge,Jeep,32108.071500503524,32334.428873985176,-226.35737348165276,256.08989139784836,-0.8838981197035822,2027.5057581640901,0.9999999999916646,-0.032590542472753906
Dodge,Kia,32108.071500503524,24375.759197324416,7732.312303179107,283.51614387210617,27.27291715235498,2274.7230613300603,9.71223101942087e-13,1.1161704114699924
Dodge,Land Rover,32108.071500503524,54504.444444444445,-22396.37294394092,1101.0776045705363,-20.34041274745243,289.5657735103182,5.473399511402022e-14,-1.3952322257054492
Dodge,Lexus,32108.071500503524,42882.28562005277,-10774.214119549244,308.03057481552247,-34.97774247248622,2458.352098025131,2.353672812205332e-13,-1.4275388119778298
Dodge,Lincoln,32108.071500503524,45021.70731707317,-12913.635816569644,715.4693456200473,-18.049181136304725,341.54923918104737,5.1181281435219717e-14,-1.2089043025466693
Dodge,Mazda,32108.071500503524,27183.67381489842,4924.397685605105,293.74704823170356,16.764075469860753,1874.6290433981505,3.530509218307998e-14,0.7744224273109158
Dodge,Mercedes-Benz,32108.071500503524,46790.56814159292,-14682.496641089398,477.49823854052704,-30.74879749497388,1628.4426175928493,0.0,-1.3370131313666944
Dodge,Mercury,32108.071500503524,29900.0,2208.0715005035236,,,,,
Dodge,Mini,32108.071500503524,25813.031914893618,6295.039585609906,470.83593704522616,13.369921644288668,287.9707016268648,2.986499936241671e-14,1.0627322173688674
Dodge,Mitsubishi,32108.071500503524,21892.91891891892,10215.152581584603,402.9446074948507,25.351257695426895,469.1166895527063,0.0,1.767732151694072
Dodge,Nissan,32108.071500503524,26456.463001383127,5651.608499120397,260.2824625857039,21.713366482613004,2132.905156281767,0.0,0.7984817754054354
Dodge,Porsche,32108.071500503524,59279.83870967742,-27171.767209173893,1429.3914370122127,-19.009325581220576,128.47527395445124,0.0,-1.809320644889617
Dodge,Ram,32108.071500503524,41320.847750865054,-9212.77625036153,303.273235460207,-30.37780843529252,1835.8935842392455,0.0,-1.41141059094967
Dodge,Scion,32108.071500503524,18375.454545454544,13732.61695504898,447.98982523830915,30.653859041874185,70.3620638305242,0.0,4.71909451324138
Dodge,Smart,32108.071500503524,13500.0,18608.071500503524,457.6074691943878,40.66382817846658,8.018000334624263,1.7969808419060485e-08,16.638487714979103
Dodge,Subaru,32108.071500503524,27978.791666666668,4129.279833836856,276.87167909705823,14.914056386349735,2115.399751077309,0.0,0.6287805370949622
Dodge,Tesla,32108.071500503524,50899.11504424779,-18791.043543744265,1882.8177897751534,-9.980277244984123,114.83550418477644,5.4511950509095186e-14,-0.9901730897483688
Dodge,Toyota,32108.071500503524,28624.735468304454,3483.3360321990695,247.55874672994855,14.070745139128105,1856.6396052182338,7.767120280277595e-13,0.49268995749262856
Dodge,Volkswagen,32108.071500503524,27287.3133393017,4820.758161201822,307.7868256445146,15.662652717857608,2107.7559056002915,0.0,0.682890031378961
Dodge,Volvo,32108.071500503524,44907.79661016949,-12799.725109665967,490.832099337446,-26.077603985036408,433.93682576317264,2.4202861936828413e-14,-1.7281704696129734
Fiat,Ford,21668.18181818182,33066.46001239926,-11398.278194217437,523.3154915583286,-21.780891982149523,79.30054596329138,0.0,-2.7077115849331834
Fiat,Freightliner,21668.18181818182,0.0,21668.18181818182,,,,,
Fiat,GMC,21668.18181818182,43078.840297121635,-21410.658478939815,630.6869246704019,-33.94815659152766,163.71614738198153,0.0,-4.302034277724643
Fiat,Genesis,21668.18181818182,49126.92307692308,-27458.74125874126,1764.5845292267904,-15.561023461297822,90.09938383892087,2.3314683517128287e-14,-2.588786168215999
Fiat,Honda,21668.18181818182,27710.97840172786,-6042.796583546042,512.1727793551285,-11.798355607954147,72.77031042238616,0.0,-1.4666568786570542
Fiat,Hyundai,21668.18181818182,24322.95008807986,-2654.768269898039,521.6958250434408,-5.088728225258427,78.31201635849256,0.001271616552541821,-0.638130468257738
Fiat,Infiniti,21668.18181818182,45525.69031377899,-23857.508495597172,607.2097735331937,-39.290389475743474,140.8032701941679,3.2085445411667024e-14,-5.044600330932576
Fiat,Jaguar,21668.18181818182,54111.72839506173,-32443.546576879908,1310.6705340939388,-24.753395863368514,205.41387180902453,6.405986852087153e-14,-3.602694983625676
Fiat,Jeep,21668.18181818182,32334.428873985176,-10666.247055803356,519.0596627951206,-20.54917347721828,76.75589997525297,1.7208456881689926e-14,-2.5580601547653306
Fiat,Kia,21668.18181818182,24375.759197324416,-2707.5773791425963,533.1250368355734,-5.078691098834415,85.3549790296295,0.0011777118969233946,-0.6384864319931608
Fiat,Land Rover,21668.18181818182,54504.444444444445,-32836.26262626263,1190.0473908007248,-27.592399159976907,333.1868728983608,0.0,-3.780316936593429
Fiat,Lexus,21668.18181818182,42882.28562005277,-21214.103801870948,546.5562515295235,-38.814127077503606,94.2052529018008,3.441691376337985e-14,-4.8782635613349425
Fiat,Lincoln,21668.18181818182,45021.70731707317,-23353.525498891348,846.0125800405106,-27.604229594048217,299.4403177745813,6.339373470609644e-14,-3.760282141493204
Fiat,Mazda,21668.18181818182,27183.67381489842,-5515.491996716599,538.6355255733337,-10.23974790902588,88.83287191583513,5.739853037312059e-14,-1.3054968270046594
Fiat,Mercedes-Benz,21668.18181818182,46790.56814159292,-25122.3863234111,657.1495026811849,-38.22933171357688,191.1721018933485,9.325873406851315e-15,-4.838137040123757
Fiat,Mercury,21668.18181818182,29900.0,-8231.81818181818,,,,,
Fiat,Mini,21668.18181818182,25813.031914893618,-4144.850096711798,652.3245976337844,-6.353968732356035,162.50760063848455,1.3101743413512779e-06,-0.9063903675381907
Fiat,Mitsubishi,21668.18181818182,21892.91891891892,-224.73710073710026,605.1489550300834,-0.37137484724885306,134.13544236567688,1.0,-0.05108835718899802
Fiat,Nissan,21668.18181818182,26456.463001383127,-4788.281183201307,521.1409227785714,-9.188073655147994,77.99187295470254,3.0718316779143606e-11,-1.1435159529018684
Fiat,Porsche,21668.18181818182,59279.83870967742,-37611.6568914956,1498.9999270409126,-25.091166592477798,151.00420082179986,1.84297022087776e-14,-3.807820826983605
Fiat,Ram,21668.18181818182,41320.847750865054,-19652.665932683234,543.8892869061908,-36.133577928099356,92.2878083926287,0.0,-4.610204351761574
Fiat,Scion,21668.18181818182,18375.454545454544,3292.7272727272757,636.031276417971,5.176989551946884,107.94569663485993,0.0005940200841062504,1.000556975205266
Fiat,Smart,21668.18181818182,13500.0,8168.18181818182,642.8417355207386,12.70636513910399,26.630806089934214,4.489401073115573e-10,5.359754103093102
Fiat,Subaru,21668.18181818182,27978.791666666668,-6310.609848484848,529.6214003897944,-11.915322613172961,83.13871781478512,0.0,-1.5027276590845862
Fiat,Tesla,21668.18181818182,50899.11504424779,-29230.93322606597,1936.1931026007237,-15.0971167012229,127.32365618335885,9.14823772291129e-14,-2.328962970497614
Fiat,Toyota,21668.18181818182,28624.735468304454,-6956.553650122634,514.9041018940569,-13.510386933281737,74.33498060884318,1.4876988529977098e-14,-1.67473626922598
Fiat,Volkswagen,21668.18181818182,27287.3133393017,-5619.131521119882,546.4189153983868,-10.283559669641097,94.05146244892954,1.7985612998927536e-14,-1.3018511870318354
Fiat,Volvo,21668.18181818182,44907.79661016949,-23239.61479198767,666.9010802246664,-34.847169214598786,183.60840335417356,2.4646951146678475e-14,-4.735100993313971
Ford,Freightliner,33066.46001239926,0.0,33066.46001239926,,,,,
Ford,GMC,33066.46001239926,43078.840297121635,-10012.380284722378,419.2860282279637,-23.87959438342815,1466.207939590466,3.390621117205228e-13,-0.8402274061842038
Ford,Genesis,33066.46001239926,49126.92307692308,-16060.463064523821,1700.5273703482414,-9.444401392513246,78.40045113823524,9.35784782996052e-12,-1.0819727197069395
Ford,Honda,33066.46001239926,27710.97840172786,5355.481610671395,200.88736254261661,26.65912650197333,5969.101034223647,0.0,0.6629415842883254
Ford,Hyundai,33066.46001239926,24322.95008807986,8743.509924319398,224.0564892716298,39.02368528911208,4545.805699192173,0.0,1.1686973690903633
Ford,Infiniti,33066.46001239926,45525.69031377899,-12459.230301379735,383.06459715197366,-32.52514169675871,1069.0579774446269,1.7763568394002505e-15,-1.3305936642419374
Ford,Jaguar,33066.46001239926,54111.72839506173,-21045.26838266247,1223.0666480037228,-17.206967761742458,166.7313987370698,9.559020242022598e-14,-1.3851287477075942
Ford,Jeep,33066.46001239926,32334.428873985176,732.0311384140805,217.8479057919904,3.360285405327936,6052.031298720956,0.2213942898825636,0.08651021506245395
Ford,Kia,33066.46001239926,24375.759197324416,8690.70081507484,249.51368984066377,34.830557075343684,3551.876098036934,4.1799896877137144e-13,1.0895711880331036
Ford,Land Rover,33066.46001239926,54504.444444444445,-21437.98443204519,1092.816347273678,-19.617188638811964,281.0696309909139,0.0,-1.2425537290365765
Ford,Lexus,33066.46001239926,42882.28562005277,-9815.82560765351,277.05326672496636,-35.429380507531725,3080.0288479403634,2.865485626557529e-12,-1.1030465096793316
Ford,Lincoln,33066.46001239926,45021.70731707317,-11955.24730467391,702.6891646409334,-17.01356432724121,318.51766464238057,2.6867397195928788e-14,-1.0477760434108716
Ford,Mazda,33066.46001239926,27183.67381489842,5882.786197500838,261.0804587222738,22.532464613748413,2090.490138161149,0.0,0.8544899228007827
Ford,Mercedes-Benz,33066.46001239926,46790.56814159292,-13724.108129193664,458.1268878717994,-29.957002071954726,1459.8266502279928,0.0,-1.0353711546810431
Ford,Mercury,33066.46001239926,29900.0,3166.460012399257,,,,,
Ford,Mini,33066.46001239926,25813.031914893618,7253.428097505639,451.1786311374358,16.076621535065865,245.32300338393617,0.0,1.2059240582198716
Ford,Mitsubishi,33066.46001239926,21892.91891891892,11173.541093480337,379.7894604790573,29.42035589767631,382.1238833382178,2.631228568361621e-14,1.899650540836984
Ford,Nissan,33066.46001239926,26456.463001383127,6609.99701101613,222.76139232701993,29.67299199365961,6115.520607502677,7.488454301096681e-13,0.7597688560613058
Ford,Porsche,33066.46001239926,59279.83870967742,-26213.37869727816,1423.0374407532759,-18.4207231282701,126.21283881034422,0.0,-1.685344732559077
Ford,Ram,33066.46001239926,41320.847750865054,-8254.387738465797,271.75417738886057,-30.37446495865403,1907.9039202873755,1.138311667148173e-12,-1.1617378728267935
Ford,Scion,33066.46001239926,18375.454545454544,14691.005466944713,427.2827648043447,34.382396569802694,58.40587625307051,0.0,5.217372117460644
Ford,Smart,33066.46001239926,13500.0,19566.460012399257,437.3560030962039,44.73806206815751,6.692262160322234,1.3612418681141492e-07,18.27696899701386
Ford,Subaru,33066.46001239926,27978.791666666668,5087.668345732589,241.9371907496211,21.02888080153736,3330.4311332551347,0.0,0.6914721355369444
Ford,Tesla,33066.46001239926,50899.11504424779,-17832.65503184853,1877.9985375594913,-9.495563854390717,113.66609755817281,3.695932448977146e-13,-0.9085732320425186
Ford,Toyota,33066.46001239926,28624.735468304454,4441.724544094803,207.7522819713347,21.37990736827461,6804.526923183538,5.875189224013866e-12,0.49184277529406006
Ford,Volkswagen,33066.46001239926,27287.3133393017,5779.146673097555,276.78223863196314,20.879759848976715,2339.5245522516816,1.7145174169286292e-12,0.7247472922689856
Ford,Volvo,33066.46001239926,44907.79661016949,-11841.336597770234,472.0082915816189,-25.08713683416862,376.0193606692179,1.9695356456850277e-13,-1.5256269243632037
Freightliner,GMC,0.0,43078.840297121635,-43078.840297121635,,,,,
Freightliner,Genesis,0.0,49126.92307692308,-49126.92307692308,,,,,
Freightliner,Honda,0.0,27710.97840172786,-27710.97840172786,,,,,
Freightliner,Hyundai,0.0,24322.95008807986,-24322.95008807986,,,,,
Freightliner,Infiniti,0.0,45525.69031377899,-45525.69031377899,,,,,
Freightliner,Jaguar,0.0,54111.72839506173,-54111.72839506173,,,,,
Freightliner,Jeep,0.0,32334.428873985176,-32334.428873985176,,,,,
Freightliner,Kia,0.0,24375.759197324416,-24375.759197324416,,,,,
Freightliner,Land Rover,0.0,54504.444444444445,-54504.444444444445,,,,,
Freightliner,Lexus,0.0,42882.28562005277,-42882.28562005277,,,,,
Freightliner,Lincoln,0.0,45021.70731707317,-45021.70731707317,,,,,
Freightliner,Mazda,0.0,27183.67381489842,-27183.67381489842,,,,,
Freightliner,Mercedes-Benz,0.0,46790.56814159292,-46790.56814159292,,,,,
Freightliner,Mercury,0.0,29900.0,-29900.0,,,,,
Freightliner,Mini,0.0,25813.031914893618,-25813.031914893618,,,,,
Freightliner,Mitsubishi,0.0,21892.91891891892,-21892.91891891892,,,,,
Freightliner,Nissan,0.0,26456.463001383127,-26456.463001383127,,,,,
Freightliner,Porsche,0.0,59279.83870967742,-59279.83870967742,,,,,
Freightliner,Ram,0.0,41320.847750865054,-41320.847750865054,,,,,
Freightliner,Scion,0.0,18375.454545454544,-18375.454545454544,,,,,
Freightliner,Smart,0.0,13500.0,-13500.0,,,,,
Freightliner,Subaru,0.0,27978.791666666668,-27978.791666666668,,,,,
Freightliner,Tesla,0.0,50899.11504424779,-50899.11504424779,,,,,
Freightliner,Toyota,0.0,28624.735468304454,-28624.735468304454,,,,,
Freightliner,Volkswagen,0.0,27287.3133393017,-27287.3133393017,,,,,
Freightliner,Volvo,0.0,44907.79661016949,-44907.79661016949,,,,,
GMC,Genesis,43078.840297121635,49126.92307692308,-6048.082779801443,1736.5771593997138,-3.482760755584334,85.24644515190847,0.19390511334687788,-0.40810961745445035
GMC,Honda,43078.840297121635,27710.97840172786,15367.861895393773,405.29325885659966,37.91788182894798,1288.910284360099,3.402833570476105e-13,1.3334064188601935
GMC,Hyundai,43078.840297121635,24322.95008807986,18755.890209041776,417.26275130905464,44.94983113206245,1428.832803827615,3.043121310497554e-13,1.749516369387748
GMC,Infiniti,43078.840297121635,45525.69031377899,-2446.8500166573576,520.235887686036,-4.703347221086061,1795.2041439319637,0.0015993234204122464,-0.22511595276165505
GMC,Jaguar,43078.840297121635,54111.72839506173,-11032.888097940093,1272.7132114912363,-8.668793565058442,195.19605450950465,1.1664003096711895e-12,-0.7300716880360509
GMC,Jeep,43078.840297121635,32334.428873985176,10744.411423136458,413.9620795474266,25.9550619585326,1396.149844892322,0.0,0.9289577220535774
GMC,Kia,43078.840297121635,24375.759197324416,18703.08109979722,431.46723475042336,43.34762779986242,1593.2412337320166,9.644507414918735e-13,1.7319908740482517
GMC,Land Rover,43078.840297121635,54504.444444444445,-11425.60414732281,1148.1090811041686,-9.951671261353049,341.03036170986894,0.0,-0.6769362967275049
GMC,Lexus,43078.840297121635,42882.28562005277,196.55467706886702,447.95692409901346,0.4387803078704547,1783.7431846478537,1.0,0.017480956490752826
GMC,Lincoln,43078.840297121635,45021.70731707317,-1942.8670199515327,785.9255405883224,-2.4720751771181217,485.3320473961097,0.8750107848662773,-0.16412729055747144
GMC,Mazda,43078.840297121635,27183.67381489842,15895.166482223216,438.25779989853794,36.268987079986125,1612.0923876490501,0.0,1.6443895630914078
GMC,Mercedes-Benz,43078.840297121635,46790.56814159292,-3711.7278444712865,577.7431424399379,-6.424529469611415,2191.6367671593684,1.07093591994456e-07,-0.27349390843499255
GMC,Mercury,43078.840297121635,29900.0,13178.840297121635,,,,,
GMC,Mini,43078.840297121635,25813.031914893618,17265.808382228017,572.2491157182546,30.171839340558794,565.6757363251124,0.0,2.383429172654525
GMC,Mitsubishi,43078.840297121635,21892.91891891892,21185.921378202715,517.8290524258439,40.91296399642749,957.3318118354003,0.0,2.82984179180282
GMC,Nissan,43078.840297121635,26456.463001383127,16622.377295738508,416.568759218387,39.90308185118653,1429.5758574363156,4.488631688559508e-13,1.4241570102671661
GMC,Porsche,43078.840297121635,59279.83870967742,-16200.998412555782,1465.927164299409,-11.051707620343135,142.04034358785694,2.1871393585115584e-14,-1.0473947536659043
GMC,Ram,43078.840297121635,41320.847750865054,1757.9925462565807,444.6990287526726,3.9532187672807355,1662.7618130571325,0.035712132445704925,0.18030750335086898
GMC,Scion,43078.840297121635,18375.454545454544,24703.38575166709,553.6040591832027,44.622840714200876,158.83528433180504,5.229150445984487e-14,6.858585956477649
GMC,Smart,43078.840297121635,13500.0,29578.840297121635,561.4153245945115,52.68620039626685,18.102204846382854,0.0,21.55391382510308
GMC,Subaru,43078.840297121635,27978.791666666668,15100.048630454967,427.13053919509497,35.35230390903496,1534.5538456205209,3.7192471324942744e-13,1.4571988689882558
GMC,Tesla,43078.840297121635,50899.11504424779,-7820.274747126154,1910.702855056448,-4.092878558500463,121.77007485451395,0.03161111350846346,-0.40446499959531296
GMC,Toyota,43078.840297121635,28624.735468304454,14454.10482881718,408.7394083148467,35.362640682014614,1333.2507763073409,2.9543034685275416e-13,1.1979252326652494
GMC,Volkswagen,43078.840297121635,27287.3133393017,15791.526957819933,447.7893487650136,35.26552608134244,1735.2886683086329,0.0,1.5055167879032119
GMC,Volvo,43078.840297121635,44907.79661016949,-1828.9563130478564,588.8112775474605,-3.106184244068653,787.3414615123562,0.3969108025322492,-0.20400816406585645
Genesis,Honda,49126.92307692308,27710.97840172786,21415.944675195216,1697.1314591129726,12.618907368783637,77.7761749899585,1.5654144647214707e-14,1.4455740576915916
Genesis,Hyundai,49126.92307692308,24322.95008807986,24803.97298884322,1700.0296372317532,14.590317983651637,78.30860176295184,0.0,1.6887250088353691
Genesis,Infiniti,49126.92307692308,45525.69031377899,3601.2327631440858,1728.1892091645527,2.083818568040363,83.61205779016318,0.9792419050576104,0.24795228168165576
Genesis,Jaguar,49126.92307692308,54111.72839506173,-4984.805318138649,2082.2563440990307,-2.393944113684773,156.54940786954347,0.9043879468562617,-0.3288839200591771
Genesis,Jeep,49126.92307692308,32334.428873985176,16792.4942029379,1699.2225184299891,9.882457430268442,78.16012767057704,1.351474487876203e-12,1.1339749796277054
Genesis,Kia,49126.92307692308,24375.759197324416,24751.163879598662,1703.571700428104,14.528982768015428,78.96288021178682,0.0,1.6866472258333853
Genesis,Land Rover,49126.92307692308,54504.444444444445,-5377.521367521367,2008.5186147880688,-2.67735699730559,145.64812662159346,0.7411231588191325,-0.3434184537561281
Genesis,Lexus,49126.92307692308,42882.28562005277,6244.63745687031,1707.8225814423972,3.6564907413252485,79.7533572839453,0.12882639316744193,0.42433324226050684
Genesis,Lincoln,49126.92307692308,45021.70731707317,4105.215759849911,1825.8344720114612,2.2484052211629737,103.44888986829561,0.9492716102453118,0.28650612909322976
Genesis,Mazda,49126.92307692308,27183.67381489842,21943.24926202466,1705.304214211714,12.867645009701711,79.28374719967108,2.3425705819590803e-14,1.5185693096080501
Genesis,Mercedes-Benz,49126.92307692308,46790.56814159292,2336.354935330157,1746.3618475197798,1.3378412604743386,87.17658505794189,0.9999950413123068,0.15652413279713537
Genesis,Mercury,49126.92307692308,29900.0,19226.923076923078,,,,,
Genesis,Mini,49126.92307692308,25813.031914893618,23313.89116202946,1744.551980961487,13.363827169644045,86.70301797887299,2.886579864025407e-15,1.794769674916742
Genesis,Mitsubishi,49126.92307692308,21892.91891891892,27234.004158004158,1727.4662055659937,15.765289109711471,83.44539354208472,0.0,2.031634539479848
Genesis,Nissan,49126.92307692308,26456.463001383127,22670.46007553995,1699.8594338924236,13.336667505281888,78.27735747401603,0.0,1.529922161621333
Genesis,Porsche,49126.92307692308,59279.83870967742,-10152.915632754339,2205.6597686105697,-4.603119564152023,170.0819994479605,0.004245704048073562,-0.662729167582253
Genesis,Ram,49126.92307692308,41320.847750865054,7806.075326058024,1706.970940001585,4.573056953184438,79.59368788304872,0.008016119078998574,0.5401570217229522
Genesis,Scion,49126.92307692308,18375.454545454544,30751.468531468534,1738.5252423190304,17.6882496629436,85.19071835926646,7.882583474838611e-15,3.3140768464359285
Genesis,Smart,49126.92307692308,13500.0,35626.92307692308,1741.0283543141638,20.46314925810467,81.94080610745253,0.0,8.589867128535587
Genesis,Subaru,49126.92307692308,27978.791666666668,21148.13141025641,1702.4785054001172,12.421966763854188,78.76043702163052,0.0,1.447426145070712
Genesis,Tesla,49126.92307692308,50899.11504424779,-1772.1919673247103,2523.2475035472016,-0.7023456735153205,187.5821788064562,0.9999999999999845,-0.10297978030792924
Genesis,Toyota,49126.92307692308,28624.735468304454,20502.187608618624,1697.957734381482,12.074615989241329,77.92775119846657,3.6637359812630166e-15,1.378603873946072
Genesis,Volkswagen,49126.92307692308,27287.3133393017,21839.609737621377,1707.7786345729119,12.788314185159667,79.74470321743759,0.0,1.4967531901071292
Genesis,Volvo,49126.92307692308,44907.79661016949,4219.126466753587,1750.054651833307,2.410854119517783,87.83246244101281,0.890287194641551,0.3063286401515702
Honda,Hyundai,27710.97840172786,24322.95008807986,3388.028313648003,196.629505904251,17.230518370410838,3648.4845382537637,0.0,0.5156141386650595
Honda,Infiniti,27710.97840172786,45525.69031377899,-17814.71191205113,367.6959855622928,-48.449568696836025,914.1124977980045,0.0,-1.9812091573494939
Honda,Jaguar,27710.97840172786,54111.72839506173,-26400.749993333866,1218.3406246475097,-21.66943255378366,164.17101530674677,1.1324274851176597e-14,-1.7441575043964677
Honda,Jeep,27710.97840172786,32334.428873985176,-4623.450472257315,189.52456902833958,-24.39499267013751,5672.131808595809,4.869327163703474e-12,-0.6273669474576242
Honda,Kia,27710.97840172786,24375.759197324416,3335.2192044034455,225.20864465052153,14.809463506958332,2717.6438064389235,1.3564704914870163e-12,0.46293098200983074
Honda,Land Rover,27710.97840172786,54504.444444444445,-26793.466042716584,1087.5244461969608,-24.637116100159865,275.672653907773,0.0,-1.5602387013720285
Honda,Lexus,27710.97840172786,42882.28562005277,-15171.307218324906,255.3827809590875,-59.406147749465376,2405.6004472533846,8.557599073810707e-13,-1.8481632953150904
Honda,Lincoln,27710.97840172786,45021.70731707317,-17310.728915345306,694.430640389085,-24.927945151795456,303.86318784610927,8.504308368628699e-14,-1.5348923145762068
Honda,Mazda,27710.97840172786,27183.67381489842,527.304586829443,237.95978259793156,2.2159399419203645,1543.1144440474459,0.9664562169676373,0.08399237641385097
Honda,Mercedes-Benz,27710.97840172786,46790.56814159292,-19079.58973986506,445.35614691898235,-42.84119546089021,1310.0120891950357,4.800604358479177e-13,-1.479785214475684
Honda,Mercury,27710.97840172786,29900.0,-2189.0215982721384,,,,,
Honda,Mini,27710.97840172786,25813.031914893618,1897.9464868342438,438.205442004629,4.331179636089948,218.48790670488805,0.011065115539662829,0.3248451866884454
Honda,Mitsubishi,27710.97840172786,21892.91891891892,5818.0594828089415,364.28270134388123,15.971275773857622,324.2965488150822,1.9817480989559044e-13,1.0310770025137668
Honda,Nissan,27710.97840172786,26456.463001383127,1254.515400344735,195.15247915128938,6.428385669506092,5622.488769608955,9.247644594534421e-08,0.16441696017938343
Honda,Porsche,27710.97840172786,59279.83870967742,-31568.860307949555,1418.9775931962615,-22.24761015206757,124.77923327781762,5.6288307348495437e-14,-2.035301110901555
Honda,Ram,27710.97840172786,41320.847750865054,-13609.869349137192,249.6240876512486,-54.521458554719395,1430.7181616371606,0.0,-2.084271445059381
Honda,Scion,27710.97840172786,18375.454545454544,9335.523856273318,413.5606525121398,22.573530145011265,51.269845021915756,0.0,3.4253273410214597
Honda,Smart,27710.97840172786,13500.0,14210.978401727862,423.96005195266764,33.51961661546929,5.909405844102136,3.948974631629021e-06,13.693821128738774
Honda,Subaru,27710.97840172786,27978.791666666668,-267.81326493880624,216.78435477506324,-1.2353901886355725,2498.185072664002,0.9999998505918808,-0.040595200202772685
Honda,Tesla,27710.97840172786,50899.11504424779,-23188.136642519927,1874.9240942723548,-12.367506883802186,112.92374837565332,0.0,-1.1832806494588437
Honda,Toyota,27710.97840172786,28624.735468304454,-913.7570665765925,177.82818356975616,-5.13842658814628,7746.571224124649,0.00017720688598188428,-0.11804874457387679
Honda,Volkswagen,27710.97840172786,27287.3133393017,423.66506242616015,255.0887293267637,1.6608537097828946,1791.1780446184948,0.9997883557220325,0.057614806259441015
Honda,Volvo,27710.97840172786,44907.79661016949,-17196.81820844163,459.62341055392346,-37.41501806384617,338.4515571651717,0.0,-2.2748846477200724
Hyundai,Infiniti,24322.95008807986,45525.69031377899,-21202.740225699134,380.84894085979164,-55.672309808273454,1037.487167553614,6.250555628639631e-14,-2.45858209997763
Hyundai,Jaguar,24322.95008807986,54111.72839506173,-29788.77830698187,1222.3745152864908,-24.369600261177077,166.35260954904945,9.414691248821327e-14,-2.0028484876086163
Hyundai,Jeep,24322.95008807986,32334.428873985176,-8011.478785905318,213.92788556141326,-37.44943659346096,4114.6302037195155,0.0,-1.1480990313484503
Hyundai,Kia,24322.95008807986,24375.759197324416,-52.809109244557476,246.09858102135442,-0.21458518381288486,2986.7325737091637,1.0,-0.007603422205073824
Hyundai,Land Rover,24322.95008807986,54504.444444444445,-30181.494356364587,1092.0416654282956,-27.637676575762786,280.2659329080735,3.4416913763379853e-15,-1.809716548775607
Hyundai,Lexus,24322.95008807986,42882.28562005277,-18559.33553197291,273.98164676816685,-67.73933856845942,2748.9896701872663,2.6116886431282182e-12,-2.3913505583660446
Hyundai,Lincoln,24322.95008807986,45021.70731707317,-20698.75722899331,701.4837790473805,-29.507107430341946,316.2811966226378,0.0,-1.882092693462763
Hyundai,Mazda,24322.95008807986,27183.67381489842,-2860.72372681856,257.81861082833825,-11.095877514921906,1872.6306576372049,2.2015722578316854e-13,-0.45949157953609937
Hyundai,Mercedes-Benz,24322.95008807986,46790.56814159292,-22467.618053513062,456.2758765855603,-49.24130160385536,1429.8898485111429,3.952393967665557e-14,-1.8888226642693884
Hyundai,Mercury,24322.95008807986,29900.0,-5577.049911920141,,,,,
Hyundai,Mini,24322.95008807986,25813.031914893618,-1490.081826813759,449.298995500626,-3.3164592882150856,241.06501017115977,0.25910530479646277,-0.2547778678527197
Hyundai,Mitsubishi,24322.95008807986,21892.91891891892,2430.0311691609386,377.55458473417406,6.436238010119404,372.2726083462175,2.485795279616454e-07,0.42909964395482697
Hyundai,Nissan,24322.95008807986,26456.463001383127,-2133.512913303268,218.92936777484584,-9.74521113813037,4257.96433695946,0.0,-0.2976162334175574
Hyundai,Porsche,24322.95008807986,59279.83870967742,-34956.88862159756,1422.442613235576,-24.57525407094101,126.00141315145818,2.042810365310288e-14,-2.2849178227895277
Hyundai,Ram,24322.95008807986,41320.847750865054,-16997.897662785195,268.6219706038907,-63.278136276686965,1738.219137459913,0.0,-2.6392255030553584
Hyundai,Scion,24322.95008807986,18375.454545454544,5947.495542625315,425.2975326305881,13.984317063488087,57.31421447323892,0.0,2.134358293312728
Hyundai,Smart,24322.95008807986,13500.0,10822.950088079859,435.4167011118291,24.856534121092828,6.574186753725772,8.040857826574488e-06,10.161030852296939
Hyundai,Subaru,24322.95008807986,27978.791666666668,-3655.841578586809,238.4135785366256,-15.334032570737959,2771.8085884972684,3.3424374379364963e-12,-0.5651010113626064
Hyundai,Tesla,24322.95008807986,50899.11504424779,-26576.16495616793,1877.5478521833763,-14.154720437757604,113.5568836356999,2.0761170560490427e-14,-1.374462993632148
Hyundai,Toyota,24322.95008807986,28624.735468304454,-4301.785380224595,203.63801419950588,-21.124667695934708,4187.593957159762,0.0,-0.5998632556354387
Hyundai,Volkswagen,24322.95008807986,27287.3133393017,-2964.363251221843,273.7075771419969,-10.830402585763853,2121.5277980769742,4.3365311341858614e-13,-0.4168882287747376
Hyundai,Volvo,24322.95008807986,44907.79661016949,-20584.846522089632,470.21192826705254,-43.77780588840923,369.94414954067366,0.0,-2.7597526771444145
Infiniti,Jaguar,45525.69031377899,54111.72839506173,-8586.038081282735,1261.2440805919998,-6.807594353388474,188.26764152309383,8.48421540800004e-08,-0.5905146656683475
Infiniti,Jeep,45525.69031377899,32334.428873985176,13191.261439793816,377.22979127748255,34.96876902304514,1007.6658107276868,0.0,1.4487863026143328
Infiniti,Kia,45525.69031377899,24375.759197324416,21149.931116454576,396.3605515022907,53.36033325287252,1185.7290721681743,1.963984530561902e-13,2.4052331236508016
Infiniti,Land Rover,45525.69031377899,54504.444444444445,-8978.754130665453,1135.3819508156193,-7.9081353409004125,326.21828825934915,2.714239943912844e-11,-0.5625551328440191
Infiniti,Lexus,45525.69031377899,42882.28562005277,2643.4046937262247,414.2500669550609,6.381181089858433,1361.0050766337756,1.589540497004549e-07,0.2869784006025332
Infiniti,Lincoln,45525.69031377899,45021.70731707317,503.9829967058249,767.2135735719683,0.6569005216623021,441.2622022388233,0.9999999999999991,0.0457074085296256
Infiniti,Mazda,45525.69031377899,27183.67381489842,18342.016498880574,403.7420108137498,45.43004197634001,1210.7504211719634,4.2810199829546036e-13,2.267233244520012
Infiniti,Mercedes-Benz,45525.69031377899,46790.56814159292,-1264.877827813929,552.0188862352423,-2.2913669429688723,1860.927046713852,0.9483331285163132,-0.10862624780170003
Infiniti,Mercury,45525.69031377899,29900.0,15625.690313778992,,,,,
Infiniti,Mini,45525.69031377899,25813.031914893618,19712.658398885374,546.2662011916419,36.08617621936626,472.0603359081371,5.3734794391857577e-14,2.947712328523453
Infiniti,Mitsubishi,45525.69031377899,21892.91891891892,23632.771394860072,488.9628203250944,48.332450674158544,770.6823976417606,6.650235917504688e-14,3.4911102511329384
Infiniti,Nissan,45525.69031377899,26456.463001383127,19069.227312395866,380.088467702941,50.1704969573017,1036.985413363727,1.9728663147589032e-13,2.0742512361109697
Infiniti,Porsche,45525.69031377899,59279.83870967742,-13754.148395898424,1455.9808251329857,-9.446654899896881,138.22840273243582,1.1723955140041653e-13,-0.916482955566278
Infiniti,Ram,45525.69031377899,41320.847750865054,4204.842562913938,410.7248936911341,10.237613126210917,1260.188615397712,7.427392034742297e-14,0.5134442078546997
Infiniti,Scion,45525.69031377899,18375.454545454544,27150.235768324448,526.7021610627224,51.547606551573,130.34650744331267,0.0,7.993188679350049
Infiniti,Smart,45525.69031377899,13500.0,32025.690313778992,534.9064206135348,59.871575811420804,14.920379385030584,0.0,24.51731829868346
Infiniti,Subaru,45525.69031377899,27978.791666666668,17546.898647112324,391.6353018269876,44.804180229043816,1133.5921839354016,0.0,2.0698760064267505
Infiniti,Tesla,45525.69031377899,50899.11504424779,-5373.424730468796,1903.0825290682706,-2.8235374180538395,119.84010256502948,0.6302879736128572,-0.2851026858800606
Infiniti,Toyota,45525.69031377899,28624.735468304454,16900.954845474538,371.49107127035245,45.494915362783715,952.3955004881556,4.938272013532696e-13,1.8101910592812047
Infiniti,Volkswagen,45525.69031377899,27287.3133393017,18238.37697447729,414.06885054471087,44.04672544308649,1322.225469926799,1.0380585280245214e-13,2.092881321837996
Infiniti,Volvo,45525.69031377899,44907.79661016949,617.8937036095012,563.5924349129393,1.0963484698032722,664.9584968845926,0.9999999935682704,0.07553783208859857
Jaguar,Jeep,54111.72839506173,32334.428873985176,21777.29952107655,1221.2517575402344,17.83194938031366,165.74451863708387,3.552713678800501e-14,1.4401495438423855
Jaguar,Kia,54111.72839506173,24375.759197324416,29735.96919773731,1227.2959002029863,24.228850754589164,169.04106984066095,5.562217353372034e-14,2.003175873339671
Jaguar,Land Rover,54111.72839506173,54504.444444444445,-392.71604938271776,1624.267747049648,-0.2417803653960715,376.34015589151034,1.0,-0.023986391644444625
Jaguar,Lexus,54111.72839506173,42882.28562005277,11229.44277500896,1233.1896276891607,9.106014616788089,172.30106606963315,1.7408297026122455e-13,0.7523549743198844
Jaguar,Lincoln,54111.72839506173,45021.70731707317,9090.02107798856,1392.0381486658073,6.530008596891435,264.6946324616878,2.1990314591491256e-07,0.6406322024726355
Jaguar,Mazda,54111.72839506173,27183.67381489842,26928.05458016331,1229.6996182660985,21.898075090998578,170.3549066387833,2.6645352591003757e-15,1.8698235743897904
Jaguar,Mercedes-Benz,54111.72839506173,46790.56814159292,7321.160253468806,1286.032033282319,5.692828844070957,203.35843329224596,2.72573436062018e-05,0.4779803418163019
Jaguar,Mercury,54111.72839506173,29900.0,24211.728395061727,,,,,
Jaguar,Mini,54111.72839506173,25813.031914893618,28298.69648016811,1283.5732555768705,22.04681061810528,199.7474063559307,0.0,2.358336094362832
Jaguar,Mitsubishi,54111.72839506173,21892.91891891892,32218.809476142807,1260.2532203998246,25.56534588018839,187.19891814516066,3.2307490016592055e-14,2.556270411314218
Jaguar,Nissan,54111.72839506173,26456.463001383127,27655.2653936786,1222.1377922102843,22.62859848533361,166.22566410560538,8.881784197001252e-15,1.8265382684286549
Jaguar,Porsche,54111.72839506173,59279.83870967742,-5168.110314615689,1862.5342152623098,-2.7747733557140797,262.1176222935911,0.6699189514368076,-0.33021192095733626
Jaguar,Ram,54111.72839506173,41320.847750865054,12790.880644196674,1232.0099342803417,10.382124598425625,171.63061343813402,3.752553823233029e-14,0.8879929488791628
Jaguar,Scion,54111.72839506173,18375.454545454544,35736.27384960718,1275.3700272219041,28.020318093447997,189.09895230431573,3.885780586188048e-14,4.745929104509022
Jaguar,Smart,54111.72839506173,13500.0,40611.72839506173,1278.780050939739,31.758181061095943,141.5803518973753,1.4765966227514582e-14,13.143394271848097
Jaguar,Subaru,54111.72839506173,27978.791666666668,26132.93672839506,1225.7780180379211,21.319469221862487,168.20714371331036,8.026912468039882e-14,1.7757071222056167
Jaguar,Tesla,54111.72839506173,50899.11504424779,3212.613350813939,2229.5462884436247,1.4409269578594677,201.12996989143713,0.9999860388212326,0.17612285999409988
Jaguar,Toyota,54111.72839506173,28624.735468304454,25486.992926757273,1219.4913513024405,20.899691416045442,164.792123340277,5.362377208939506e-14,1.6706887116498037
Jaguar,Volkswagen,54111.72839506173,27287.3133393017,26824.415055760026,1233.1287657253301,21.75313381809062,172.25940986102535,4.884981308350689e-14,1.8277543145375412
Jaguar,Volvo,54111.72839506173,44907.79661016949,9203.931784892236,1291.0422040192775,7.129071192435476,204.99407923210214,1.1210451567045254e-08,0.6959942979402655
Jeep,Kia,32334.428873985176,24375.759197324416,7958.66967666076,240.4597913455639,33.09771514033872,3196.6337230635736,2.3716584252042594e-12,1.0578460083429548
Jeep,Land Rover,32334.428873985176,54504.444444444445,-22170.01557045927,1090.7847627761553,-20.32483064214647,278.9878727414718,0.0,-1.2942184759446562
Jeep,Lexus,32334.428873985176,42882.28562005277,-10547.856746067591,268.92813619817565,-39.22184154912961,2800.7300670259633,0.0,-1.2478858378665627
Jeep,Lincoln,32334.428873985176,45021.70731707317,-12687.278443087991,699.5254762621745,-18.136978385520496,312.83863427463206,0.0,-1.123242457969511
Jeep,Mazda,32334.428873985176,27183.67381489842,5150.755059086758,252.44174726594272,20.40373715865836,1865.3171095936586,0.0,0.7852266241405372
Jeep,Mercedes-Benz,32334.428873985176,46790.56814159292,-14456.139267607745,453.2593906662601,-31.893744653272854,1400.8734241911886,1.1503020758141247e-12,-1.1219481714257817
Jeep,Mercury,32334.428873985176,29900.0,2434.4288739851763,,,,,
Jeep,Mini,32334.428873985176,25813.031914893618,6521.3969590915585,446.2353493741834,14.614254492024,234.81008011140665,1.6542323066914832e-14,1.1003780127983271
Jeep,Mitsubishi,32334.428873985176,21892.91891891892,10441.509955066256,373.90354923030964,27.92567756192842,359.27992395026354,5.6066262743570405e-14,1.8123616337460116
Jeep,Nissan,32334.428873985176,26456.463001383127,5877.96587260205,212.57108869157554,27.65176538720433,5714.91888702474,5.010991621645644e-12,0.7308550577992035
Jeep,Porsche,32334.428873985176,59279.83870967742,-26945.40983569224,1421.4778885447645,-18.955912049590555,125.66064042470899,3.3861802251067274e-14,-1.7387052565099272
Jeep,Ram,32334.428873985176,41320.847750865054,-8986.418876879878,263.46567663425435,-34.108499413207866,1712.7581418687166,0.0,-1.3235566795676132
Jeep,Scion,32334.428873985176,18375.454545454544,13958.974328530632,422.0597006762125,33.07345929063103,55.606443290016756,4.9960036108132044e-15,5.023271000500239
Jeep,Smart,32334.428873985176,13500.0,18834.428873985176,432.254674098888,43.572527962245644,6.385500954814676,3.0921858074073327e-07,17.8025290887417
Jeep,Subaru,32334.428873985176,27978.791666666668,4355.637207318508,232.5885511023011,18.726791093869178,2975.9926558177262,3.718803043284424e-12,0.6278864093829701
Jeep,Tesla,32334.428873985176,50899.11504424779,-18564.686170262612,1876.8170760390149,-9.891579955912919,113.38038194088087,7.005507285384738e-14,-0.9486562356193021
Jeep,Toyota,32334.428873985176,28624.735468304454,3709.693405680722,196.78628128085083,18.851382228145752,6565.751496532479,0.0,0.45094337960020164
Jeep,Volkswagen,32334.428873985176,27287.3133393017,5047.115534683475,268.64891114272206,18.787031420358712,2114.665569758517,0.0,0.6636274166798107
Jeep,Volvo,32334.428873985176,44907.79661016949,-12573.367736184315,467.28541295213546,-26.90725494029538,361.3182397049016,0.0,-1.6457514726258025
Kia,Land Rover,24375.759197324416,54504.444444444445,-30128.68524712003,1097.5476163085502,-27.450914019068893,285.9308510643356,4.374278717023117e-14,-1.814436888246685
Kia,Lexus,24375.759197324416,42882.28562005277,-18506.52642272835,295.16387617554346,-62.6991577103491,2934.372170162929,2.1882495815361835e-13,-2.284749631998746
Kia,Lincoln,24375.759197324416,45021.70731707317,-20645.94811974875,710.0248328754207,-29.077783147580757,331.73597260769003,7.249756350802272e-14,-1.873141323768156
Kia,Mazda,24375.759197324416,27183.67381489842,-2807.9146175740025,280.22527923552707,-10.020204548405403,2129.0772372533643,0.0,-0.42469962405260386
Kia,Mercedes-Benz,24375.759197324416,46790.56814159292,-22414.808944268505,469.3010191626441,-47.762114355222145,1572.4401280882078,0.0,-1.8821930764161505
Kia,Mercury,24375.759197324416,29900.0,-5524.240802675584,,,,,
Kia,Mini,24375.759197324416,25813.031914893618,-1437.2727175692016,462.5206572587289,-3.1074778931770117,269.86087138761104,0.40096816600288865,-0.24035698438740094
Kia,Mitsubishi,24375.759197324416,21892.91891891892,2482.840278405496,393.19617939009737,6.3145076390536925,433.6393405377462,4.4169768564916723e-07,0.424813029946097
Kia,Nissan,24375.759197324416,26456.463001383127,-2080.7038040587104,244.92006677173003,-8.495440293987688,3342.9908118446815,5.500044863993026e-13,-0.2705675301722703
Kia,Porsche,24375.759197324416,59279.83870967742,-34904.079512353,1426.6740198733658,-24.465350196431803,127.50529890152818,1.3100631690576847e-14,-2.285293102839998
Kia,Ram,24375.759197324416,41320.847750865054,-16945.088553540638,290.1956824701093,-58.39193887829814,2007.7396325893972,4.39870362356487e-13,-2.4918657664391772
Kia,Scion,24375.759197324416,18375.454545454544,6000.304651869872,439.24225923155564,13.66058143487211,65.14770413739389,1.1546319456101628e-14,2.08847631242675
Kia,Smart,24375.759197324416,13500.0,10875.759197324416,449.0472966629272,24.219629598367664,7.436137437124893,2.592005035162437e-06,9.902486040517614
Kia,Subaru,24375.759197324416,27978.791666666668,-3603.0324693422517,262.4820097907945,-13.726778731288935,2788.1605364049346,0.0,-0.5208451691342985
Kia,Tesla,24375.759197324416,50899.11504424779,-26523.355846923372,1880.7556216243472,-14.102499836749665,114.33435645363674,7.127631818093505e-14,-1.3752334067594985
Kia,Toyota,24375.759197324416,28624.735468304454,-4248.976270980038,231.3530027042942,-18.365771013618108,3023.6023677736407,1.2669865157022286e-12,-0.5472945899621451
Kia,Volkswagen,24375.759197324416,27287.3133393017,-2911.5541419772853,294.9094925873312,-9.872704050430286,2376.925604081908,1.2998491172311333e-12,-0.3903468641544755
Kia,Volvo,24375.759197324416,44907.79661016949,-20532.037412845075,482.8612932486873,-42.521605479506704,409.7230114702304,0.0,-2.707835831113616
Land Rover,Lexus,54504.444444444445,42882.28562005277,11622.158824391678,1104.134140967325,10.526038814640382,292.80910562147795,0.0,0.6950108247326254
Land Rover,Lincoln,54504.444444444445,45021.70731707317,9482.737127371278,1279.1113128850243,7.413535500661821,458.4278165966006,3.9807079854625727e-10,0.6276862172986566
Land Rover,Mazda,54504.444444444445,27183.67381489842,27320.770629546027,1100.234836102416,24.831762941018944,288.6770766678033,0.0,1.7250644320690929
Land Rover,Mercedes-Benz,54504.444444444445,46790.56814159292,7713.876302851524,1162.8559386432087,6.633561429674498,358.2526895301256,7.999173523565162e-08,0.44911398049499307
Land Rover,Mercury,54504.444444444445,29900.0,24604.444444444445,,,,,
Land Rover,Mini,54504.444444444445,25813.031914893618,28691.412529550827,1160.1361324610693,24.73107398929636,345.52097644410304,0.0,2.345306614320044
Land Rover,Mitsubishi,54504.444444444445,21892.91891891892,32611.525525525525,1134.2811481011447,28.750830938272397,322.78126782173183,0.0,2.4970524958878473
Land Rover,Nissan,54504.444444444445,26456.463001383127,28047.98144306132,1091.7766834651445,25.690218400745653,280.0023810185239,1.7319479184152442e-14,1.6344235305883419
Land Rover,Porsche,54504.444444444445,59279.83870967742,-4775.3942652329715,1779.7160578115572,-2.6832337912965034,267.0681826192886,0.7399528100740953,-0.29052375790157875
Land Rover,Ram,54504.444444444445,41320.847750865054,13183.596693579391,1102.8164042917451,11.954480040624903,291.3595040367502,0.0,0.8325922344391103
Land Rover,Scion,54504.444444444445,18375.454545454544,36128.9898989899,1151.0535390439154,31.387757974315644,310.9938250297622,1.7319479184152442e-14,5.090621715382125
Land Rover,Smart,54504.444444444445,13500.0,41004.444444444445,1154.8307071129361,35.506887885718854,168.72811167919704,3.5638159090467525e-14,14.61565092051656
Land Rover,Subaru,54504.444444444445,27978.791666666668,26525.652777777777,1095.8500321277982,24.205550029754757,284.1694454344549,0.0,1.618520136720542
Land Rover,Tesla,54504.444444444445,50899.11504424779,3605.329400196657,2160.8406224713253,1.6684846456067124,190.39596676439407,0.9996478614274122,0.1865710184011125
Land Rover,Toyota,54504.444444444445,28624.735468304454,25879.70897613999,1088.8134364118466,23.768726680509957,276.981894344146,0.0,1.488505190887041
Land Rover,Volkswagen,54504.444444444445,27287.3133393017,27217.131105142744,1104.0661648057142,24.65172104058838,292.7026565873963,0.0,1.6708663887013628
Land Rover,Volvo,54504.444444444445,44907.79661016949,9596.647834274954,1168.3944179807074,8.21353447653446,357.98470111281824,2.496891582381977e-12,0.6908475633940111
Lexus,Lincoln,42882.28562005277,45021.70731707317,-2139.4216970203997,720.1643524118931,-2.970740900817001,350.7190500036372,0.5087795841975089,-0.19115742495191795
Lexus,Mazda,42882.28562005277,27183.67381489842,15698.611805154349,305.0043250639268,51.47012850346968,2327.664875634813,0.0,2.175903045796258
Lexus,Mercedes-Benz,42882.28562005277,46790.56814159292,-3908.2825215401535,484.5047757991337,-8.066551078044382,1739.977892653783,1.24056320771615e-12,-0.3169354100714197
Lexus,Mercury,42882.28562005277,29900.0,12982.285620052768,,,,,
Lexus,Mini,42882.28562005277,25813.031914893618,17069.25370515915,477.9401527138298,35.714207329593194,306.2035632603859,1.0735856648125264e-13,2.760297167395793
Lexus,Mitsubishi,42882.28562005277,21892.91891891892,20989.366701133848,411.22337807089957,51.04127785632616,511.18292023859,0.0,3.4303422964357813
Lexus,Nissan,42882.28562005277,26456.463001383127,16425.82261866964,272.92356126311466,60.18469985753324,2923.1709824111167,1.0771383784913269e-12,1.908025654943932
Lexus,Porsche,42882.28562005277,59279.83870967742,-16397.55308962465,1431.7472507976754,-11.452826663706887,129.3253527057413,0.0,-1.069240105062226
Lexus,Ram,42882.28562005277,41320.847750865054,1561.4378691877137,314.18937809761314,4.969734746101449,2238.101206599578,0.00043941291456328635,0.21154328553999577
Lexus,Scion,42882.28562005277,18375.454545454544,24506.831074598223,455.45053900496544,53.80788686327813,75.20096597479099,0.0,8.224758404167059
Lexus,Smart,42882.28562005277,13500.0,29382.285620052768,464.9138692546775,63.19941727519705,8.542870308890455,1.4962586725175697e-10,25.8393030872676
Lexus,Subaru,42882.28562005277,27978.791666666668,14903.4939533861,288.7875285549692,51.607124545717,2755.475545556969,3.249622793077833e-12,1.9518627580861856
Lexus,Tesla,42882.28562005277,50899.11504424779,-8016.829424195021,1884.6068925525708,-4.253847025538984,115.27287283235972,0.01886371557926403,-0.4146229274095554
Lexus,Toyota,42882.28562005277,28624.735468304454,14257.550151748314,260.8172598686014,54.66490277112491,2615.610622439145,9.339196083146817e-13,1.6204800345774362
Lexus,Volkswagen,42882.28562005277,27287.3133393017,15594.972280751066,318.54833228756604,48.95637710221278,2571.638496150033,9.207079543216423e-13,1.9298994537055625
Lexus,Volvo,42882.28562005277,44907.79661016949,-2025.5109901167234,497.65094162763035,-4.070143991875176,459.42938702972094,0.02532189829674658,-0.25889774772724244
Lincoln,Mazda,45021.70731707317,27183.67381489842,17838.03350217475,714.1716795060548,24.977234485848182,339.05338583937163,0.0,1.695341694697371
Lincoln,Mercedes-Benz,45021.70731707317,46790.56814159292,-1768.8608245197538,807.315568580816,-2.1910401500484413,534.1835145737854,0.9700819919365828,-0.1447520749349858
Lincoln,Mercury,45021.70731707317,29900.0,15121.707317073167,,,,,
Lincoln,Mini,45021.70731707317,25813.031914893618,19208.67540217955,803.393016572161,23.909437854136765,446.05642714198603,0.0,2.2397871993258107
Lincoln,Mitsubishi,45021.70731707317,21892.91891891892,23128.788398154247,765.5835788291436,30.21066417532962,419.2086972505377,0.0,2.5856296770843383
Lincoln,Nissan,45021.70731707317,26456.463001383127,18565.24431569004,701.071194525448,26.481253916382588,315.6003118158467,2.942091015256665e-14,1.6384801035651009
Lincoln,Porsche,45021.70731707317,59279.83870967742,-14258.13139260425,1570.6411874350867,-9.077904938866583,182.99478217815943,1.3589129821411916e-13,-0.9737716982553267
Lincoln,Ram,45021.70731707317,41320.847750865054,3700.8595662081134,718.1424056621099,5.153378406607267,346.3697956084584,0.0002622243249532641,0.35072081637756186
Lincoln,Scion,45021.70731707317,18375.454545454544,26646.252771618623,790.2206925794281,33.72001394273829,291.92669810539184,0.0,5.446813911650212
Lincoln,Smart,45021.70731707317,13500.0,31521.707317073167,795.7125456634153,39.61444052737957,64.32483612432814,0.0,16.298552581142587
Lincoln,Subaru,45021.70731707317,27978.791666666668,17042.9156504065,707.3978980387803,24.092403578886785,326.88041357764655,0.0,1.570981368093136
Lincoln,Tesla,45021.70731707317,50899.11504424779,-5877.407727174621,1992.17386012302,-2.950248391880657,142.9332794406426,0.5292465291230227,-0.3270308523739437
Lincoln,Toyota,45021.70731707317,28624.735468304454,16396.971848768713,696.4475518990379,23.543728173152854,307.408395700438,0.0,1.432596693830596
Lincoln,Volkswagen,45021.70731707317,27287.3133393017,17734.393977771466,720.0601290892221,24.62904591065618,350.24405696733197,0.0,1.62903786018268
Lincoln,Volvo,45021.70731707317,44907.79661016949,113.91070690367633,815.2729660694415,0.13972094211937097,492.4924720116576,1.0,0.01156934701773418
Mazda,Mercedes-Benz,27183.67381489842,46790.56814159292,-19606.894326694503,475.55164924099086,-41.229789357240776,1599.2528222746864,0.0,-1.8494326425025787
Mazda,Mercury,27183.67381489842,29900.0,-2716.3261851015814,,,,,
Mazda,Mini,27183.67381489842,25813.031914893618,1370.6419000048008,468.8616884538302,2.923339513033748,283.0784426480797,0.5485870266034792,0.2345749273354621
Mazda,Mitsubishi,27183.67381489842,21892.91891891892,5290.7548959794985,400.6359444629246,13.205891705678226,458.00243953433363,0.0,0.9322204072376497
Mazda,Nissan,27183.67381489842,26456.463001383127,727.2108135152921,256.69391036056675,2.8329881783865103,1966.6529250536653,0.6232239364844866,0.10876106678399773
Mazda,Porsche,27183.67381489842,59279.83870967742,-32096.164894778998,1428.7423432831963,-22.464627751581308,128.2418474382085,1.5543122344752192e-15,-2.1523300721042906
Mazda,Ram,27183.67381489842,41320.847750865054,-14137.173935966635,300.19903169900874,-47.092670006148175,1741.4729565766283,3.2451819009793326e-13,-2.248701327641907
Mazda,Scion,27183.67381489842,18375.454545454544,8808.219269443875,445.914438882137,19.753160026675076,69.060504385322,0.0,3.048481952842913
Mazda,Smart,27183.67381489842,13500.0,13683.673814898419,455.5758983407846,30.035991510381912,7.876480070982839,2.5336834252875917e-07,12.293220690850642
Mazda,Subaru,27183.67381489842,27978.791666666668,-795.1178517682492,273.50087746211113,-2.907185743411003,1974.5571582134003,0.5602542263701507,-0.12668679100834024
Mazda,Tesla,27183.67381489842,50899.11504424779,-23715.44122934937,1882.3250603390252,-12.599014765854514,114.71528399360992,2.8976820942716586e-14,-1.257582080597756
Mazda,Toyota,27183.67381489842,28624.735468304454,-1441.0616534060355,243.78296980926115,-5.911248248938555,1699.0345987975995,2.6804383499445805e-06,-0.21700344793680018
Mazda,Volkswagen,27183.67381489842,27287.3133393017,-103.63952440328285,304.75815547224846,-0.3400713731276023,1999.7822485647987,1.0,-0.015293407907495032
Mazda,Volvo,27183.67381489842,44907.79661016949,-17724.122795271072,488.93859842164716,-36.250201666398766,427.10110563294415,0.0,-2.43518013055632
Mercedes-Benz,Mercury,46790.56814159292,29900.0,16890.56814159292,,,,,
Mercedes-Benz,Mini,46790.56814159292,25813.031914893618,20977.536226699303,601.2890505940082,34.8876072264675,657.9711158314198,2.2959412149248237e-13,2.7463957426159924
Mercedes-Benz,Mitsubishi,46790.56814159292,21892.91891891892,24897.649222674,549.7512159697029,45.28893888621453,1084.7651590839084,0.0,3.1183095168634885
Mercedes-Benz,Nissan,46790.56814159292,26456.463001383127,20334.105140209795,455.6413096731529,44.62743984911321,1429.1063651497682,0.0,1.5653216884485956
Mercedes-Benz,Porsche,46790.56814159292,59279.83870967742,-12489.270568084496,1477.5053038669018,-8.452944659757083,146.54022422314716,1.7361223569878348e-11,-0.7991833719809167
Mercedes-Benz,Ram,46790.56814159292,41320.847750865054,5469.720390727867,481.49423475000174,11.359887608140976,1647.927155762364,3.289590821964339e-13,0.5126854316236213
Mercedes-Benz,Scion,46790.56814159292,18375.454545454544,28415.113596138377,583.5725544163626,48.69165518682874,193.15244815507836,5.3734794391857577e-14,7.47730264641226
Mercedes-Benz,Smart,46790.56814159292,13500.0,33290.56814159292,590.987849801906,56.330376593616315,22.191640754601703,0.0,23.042499314714956
Mercedes-Benz,Subaru,46790.56814159292,27978.791666666668,18811.776474926253,465.31706334177346,40.42786726930983,1522.806300685666,0.0,1.644940142096012
Mercedes-Benz,Tesla,46790.56814159292,50899.11504424779,-4108.546902654867,1919.6001855190527,-2.1403138703823013,124.04378416589819,0.9735990094375502,-0.2110435035827562
Mercedes-Benz,Toyota,46790.56814159292,28624.735468304454,18165.832673288467,448.4945661136715,40.50401954855416,1347.288921702172,0.0,1.3458132262139013
Mercedes-Benz,Volkswagen,46790.56814159292,27287.3133393017,19503.25480229122,484.3498454540008,40.2668752459496,1705.6737300155305,2.255973186038318e-13,1.6983943227812246
Mercedes-Benz,Volvo,46790.56814159292,44907.79661016949,1882.7715314234301,617.0722749330033,3.0511361600678724,896.3322796729129,0.44037835281941495,0.1993837653961609
Mercury,Mini,29900.0,25813.031914893618,4086.968085106382,,,,,
Mercury,Mitsubishi,29900.0,21892.91891891892,8007.08108108108,,,,,
Mercury,Nissan,29900.0,26456.463001383127,3443.5369986168735,,,,,
Mercury,Porsche,29900.0,59279.83870967742,-29379.838709677417,,,,,
Mercury,Ram,29900.0,41320.847750865054,-11420.847750865054,,,,,
Mercury,Scion,29900.0,18375.454545454544,11524.545454545456,,,,,
Mercury,Smart,29900.0,13500.0,16400.0,,,,,
Mercury,Subaru,29900.0,27978.791666666668,1921.2083333333321,,,,,
Mercury,Tesla,29900.0,50899.11504424779,-20999.11504424779,,,,,
Mercury,Toyota,29900.0,28624.735468304454,1275.2645316955459,,,,,
Mercury,Volkswagen,29900.0,27287.3133393017,2612.6866606982985,,,,,
Mercury,Volvo,29900.0,44907.79661016949,-15007.796610169491,,,,,
Mini,Mitsubishi,25813.031914893618,21892.91891891892,3920.1129959746977,543.9745501989197,7.2064272024145195,392.76120033654894,1.9675789886264283e-09,0.6893058624198543
Mini,Nissan,25813.031914893618,26456.463001383127,-643.4310864895087,448.6545607531657,-1.4341347280842698,239.90028171766883,0.999988610104915,-0.10791489639065807
Mini,Porsche,25813.031914893618,59279.83870967742,-33466.8067947838,1475.3656613730632,-22.683737103951298,145.07432226015854,3.3306690738754696e-15,-2.6178773736055363
Mini,Ram,25813.031914893618,41320.847750865054,-15507.815835971436,474.8879972177017,-32.65573340836035,296.80933059172565,0.0,-2.625352891343032
Mini,Scion,25813.031914893618,18375.454545454544,7437.577369439074,578.1339274527907,12.864800033806029,151.13269631309117,4.75175454539567e-14,2.1474434293387885
Mini,Smart,25813.031914893618,13500.0,12313.031914893618,585.6180926315633,21.02570270594467,20.869317894619023,7.76601005725297e-13,8.685500090692706
Mini,Subaru,25813.031914893618,27978.791666666668,-2165.75975177305,458.47778707475254,-4.72380519368528,260.6445429250153,0.0021108273125541865,-0.3684746601775379
Mini,Tesla,25813.031914893618,50899.11504424779,-25086.08312935417,1917.9538013332676,-13.07960760677111,123.4622983632244,4.1744385725905886e-14,-1.5529882388543048
Mini,Toyota,25813.031914893618,28624.735468304454,-2811.7035534108363,441.3947073056501,-6.370043652253926,224.91707109924542,6.880036494960606e-07,-0.47399051319788843
Mini,Volkswagen,25813.031914893618,27287.3133393017,-1474.2814244080837,477.78309366831365,-3.0856709748536195,304.7360890797756,0.41691832294096853,-0.24310800667345284
Mini,Volvo,25813.031914893618,44907.79661016949,-19094.764695275873,611.9314539186086,-31.204090871615204,466.62813859422704,2.020605904817785e-14,-2.9074825119169425
Mitsubishi,Nissan,21892.91891891892,26456.463001383127,-4563.544082464206,376.78746261060644,-12.1117195642479,370.285686901701,0.0,-0.7853758178898274
Mitsubishi,Porsche,21892.91891891892,59279.83870967742,-37386.9197907585,1455.1225762301606,-25.693312990592286,137.75740753168188,0.0,-2.8002864205669673
Mitsubishi,Ram,21892.91891891892,41320.847750865054,-19427.928831946134,407.6720336218355,-47.65578020975522,485.5442810537527,0.0,-3.3723714200277923
Mitsubishi,Scion,21892.91891891892,18375.454545454544,3517.464373464376,524.3250091001875,6.708557311620172,120.97998312044506,4.332015179908666e-07,1.0911635422933046
Mitsubishi,Smart,21892.91891891892,13500.0,8392.91891891892,532.5658903021798,15.75940005124389,14.569854615932442,4.826945310121289e-08,6.489267493675988
Mitsubishi,Subaru,21892.91891891892,27978.791666666668,-6085.872747747748,388.4324372872137,-15.667776847502948,413.4720009316578,0.0,-1.065885048437207
Mitsubishi,Tesla,21892.91891891892,50899.11504424779,-29006.19612532887,1902.4259936051797,-15.246951115486427,119.63731899084057,1.9984014443252818e-15,-1.7154716983877956
Mitsubishi,Toyota,21892.91891891892,28624.735468304454,-6731.816549385534,368.1129782191381,-18.287365422302702,338.1467225680986,0.0,-1.167971433913221
Mitsubishi,Volkswagen,21892.91891891892,27287.3133393017,-5394.394420382781,411.0408272801957,-13.12374358546521,504.89990597842956,0.0,-0.9045931955562699
Mitsubishi,Volvo,21892.91891891892,44907.79661016949,-23014.87769125057,561.3715181507388,-40.99758706509696,533.8403784584704,1.3733458814613186e-13,-3.4862742340961113
Nissan,Porsche,26456.463001383127,59279.83870967742,-32823.37570829429,1422.239190669136,-23.07866069479602,125.92993924403122,0.0,-2.1159635985438685
Nissan,Ram,26456.463001383127,41320.847750865054,-14864.384749481927,267.54268933735057,-55.55892701197711,1801.7250105320536,0.0,-2.1507731596495647
Nissan,Scion,26456.463001383127,18375.454545454544,8081.008455928582,424.61667276310607,19.031302759128778,56.96321970693072,0.0,2.8900810456942287
Nissan,Smart,26456.463001383127,13500.0,12956.463001383127,434.7516890523284,29.80198427664679,6.534297000670021,2.6543741350470995e-06,12.176069135786118
Nissan,Subaru,26456.463001383127,27978.791666666668,-1522.3286652835413,237.1968843753735,-6.417996042791168,3122.106885518239,1.0529951388615899e-07,-0.21449803244524515
Nissan,Tesla,26456.463001383127,50899.11504424779,-24442.65204286466,1877.3937426030677,-13.01945963076138,113.51976253259636,2.3314683517128287e-14,-1.248154491002784
Nissan,Toyota,26456.463001383127,28624.735468304454,-2168.2724669213276,202.21218646229687,-10.722758627238369,6457.917841208957,0.0,-0.2548802244003129
Nissan,Volkswagen,26456.463001383127,27287.3133393017,-830.850337918575,272.6484280381729,-3.0473322142251615,2215.992052659283,0.4423051924705105,-0.10733238983506427
Nissan,Volvo,26456.463001383127,44907.79661016949,-18451.333608786364,469.596193565668,-39.291914759113446,368.43330507708794,7.704947790898586e-14,-2.4009426444543096
Porsche,Ram,59279.83870967742,41320.847750865054,17958.990958812363,1430.7312852146704,12.552315829256331,128.95491394185552,3.5083047578154947e-14,1.2042336041180062
Porsche,Scion,59279.83870967742,18375.454545454544,40904.38416422287,1468.2343950005295,27.85957358273719,140.56047385503842,0.0,4.866562799707524
Porsche,Smart,59279.83870967742,13500.0,45779.83870967742,1471.1974547993254,31.117399340472545,123.41950225533282,1.0325074129013956e-14,12.930976244993195
Porsche,Subaru,59279.83870967742,27978.791666666668,31301.04704301075,1425.3684723016518,21.959968703718097,127.03946373185164,2.220446049250313e-14,2.0631591959636264
Porsche,Tesla,59279.83870967742,50899.11504424779,8380.723665429628,2345.2121832873277,3.5735460207622713,213.1439234366147,0.1363368655943834,0.4632695381817399
Porsche,Toyota,59279.83870967742,28624.735468304454,30655.103241372963,1419.9657348781425,21.588621815584656,125.12716587507107,3.197442310920451e-14,1.9645892614384104
Porsche,Volkswagen,59279.83870967742,27287.3133393017,31992.525370375715,1431.6948296288028,22.34591108963525,129.30404321947205,7.172040739078511e-14,2.113895456258817
Porsche,Volvo,59279.83870967742,44907.79661016949,14372.042099507926,1481.8682481535004,9.698596428809633,147.81594195637797,1.6542323066914832e-14,1.036124089938809
Ram,Scion,41320.847750865054,18375.454545454544,22945.39320541051,452.2466294017397,50.736460403837874,72.98653431536545,3.3306690738754696e-15,7.834023894092389
Ram,Smart,41320.847750865054,13500.0,27820.847750865054,461.77562316635584,60.24754524740801,8.313094663736894,3.871433174040817e-10,24.659659406840362
Ram,Subaru,41320.847750865054,27978.791666666668,13342.056084198386,283.7076963605466,47.02747318931662,1867.1522666578169,1.538769112130467e-13,2.0626098348182116
Ram,Tesla,41320.847750865054,50899.11504424779,-9578.267293382734,1883.835173199072,-5.084450821202797,115.08318400706082,0.000808560246834511,-0.5081302586523458
Ram,Toyota,41320.847750865054,28624.735468304454,12696.1122825606,255.1812363217298,49.75331441122683,1561.9016453290221,0.0,1.8431365379437537
Ram,Volkswagen,41320.847750865054,27287.3133393017,14033.534411563352,313.95041062007,44.69984410546341,1962.7848379819952,1.1868284133242923e-13,2.022443118125398
Ram,Volvo,41320.847750865054,44907.79661016949,-3586.948859304437,494.7204059144803,-7.2504566547523694,445.5467532115532,1.229355284237954e-09,-0.4883901795198479
Scion,Smart,18375.454545454544,13500.0,4875.454545454544,567.412508076113,8.592434033548919,17.168714708802653,4.266133952246509e-05,3.6806432695898126
Scion,Subaru,18375.454545454544,27978.791666666668,-9603.337121212124,434.98308604445384,-22.077495491929756,62.664218593594924,0.0,-3.382437749289052
Scion,Tesla,18375.454545454544,50899.11504424779,-32523.660498793244,1912.4735783671697,-17.006070497748404,121.61143445595552,1.0458300891968975e-13,-3.0073107342343923
Scion,Toyota,18375.454545454544,28624.735468304454,-10249.28092284991,416.93847452739976,-24.582238265411895,52.96541003825578,1.27675647831893e-14,-3.723145200531107
Scion,Volkswagen,18375.454545454544,27287.3133393017,-8911.858793847157,455.28572182648026,-19.574211020928235,75.01408310657219,4.440892098500626e-16,-3.006534995054634
Scion,Volvo,18375.454545454544,44907.79661016949,-26532.342064714947,594.5321759154308,-44.627260120718915,177.90546328430796,0.0,-7.196053775375035
Smart,Subaru,13500.0,27978.791666666668,-14478.791666666668,444.8820040080274,-32.54524016756005,7.164128712213401,4.824608048625834e-07,-13.309574510914002
Smart,Tesla,13500.0,50899.11504424779,-37399.11504424779,1914.7493048172046,-19.532120967563518,116.98406208180967,0.0,-8.130348077668478
Smart,Toyota,13500.0,28624.735468304454,-15124.735468304454,427.2556657162979,-35.39973061082221,6.095303264561166,2.0088348134938983e-06,-14.459009194900258
Smart,Volkswagen,13500.0,27287.3133393017,-13787.313339301701,464.7524081104916,-29.66593200744398,8.53007991576396,9.367511855096211e-08,-12.135423546304278
Smart,Volvo,13500.0,44907.79661016949,-31407.79661016949,601.8124463187668,-52.18867905156863,23.428707156576127,0.0,-21.467490001438094
Subaru,Tesla,27978.791666666668,50899.11504424779,-22920.32337758112,1879.765472371886,-12.193182455181645,114.09384019405424,3.6637359812630166e-15,-1.1953614432112547
Subaru,Toyota,27978.791666666668,28624.735468304454,-645.9438016377862,223.1607821957271,-2.8945220360056356,2802.3728873628947,0.5709790075870643,-0.09110607918175008
Subaru,Volkswagen,27978.791666666668,27287.3133393017,691.4783273649664,288.5275232417746,2.3965766579070347,2221.37717235217,0.9122390938193279,0.09781506905093784
Subaru,Volvo,27978.791666666668,44907.79661016949,-16929.004943502823,478.99013702550326,-35.34311802040604,396.92792756401235,2.5424107263916085e-14,-2.2788795780773956
Tesla,Toyota,50899.11504424779,28624.735468304454,22274.379575943334,1875.6720495646296,11.875412645357454,113.10404797842357,2.1871393585115584e-14,1.1307233267662657
Tesla,Volkswagen,50899.11504424779,27287.3133393017,23611.801704946087,1884.5670681819213,12.529032319197244,115.26250227888545,2.2648549702353193e-14,1.2360581339818413
Tesla,Volvo,50899.11504424779,44907.79661016949,5991.318434078297,1922.9603360900296,3.115674474212241,124.79849791015863,0.40315641986418194,0.3440554350522327
Toyota,Volkswagen,28624.735468304454,27287.3133393017,1337.4221290027526,260.5293420413739,5.1334798549883125,1948.178456910023,0.0001944923067248583,0.1713618967705017
Toyota,Volvo,28624.735468304454,44907.79661016949,-16283.061141865037,462.6650600209495,-35.194058399671974,347.4975046212558,1.099120794378905e-14,-2.114006373644008
Volkswagen,Volvo,27287.3133393017,44907.79661016949,-17620.48327086779,497.50010524824296,-35.418049333025785,456.83436983323116,0.0,-2.3172520881336793
